STAGE,DATASET,ROI,ROI_T,HPF,ANG,ANG_CORR,IL_ANG,DEG_IL,DEG_IL_CORR,DEG_IL_CORR-2,REGION,NOTES,,,,,,,,,,,,,,,
38,WT1,1,4,,-13.134,166.866,30.44,136.426,136.426,43.574,A,,,,,,,,,,,,,,,,
38,WT1,2,4,,-107.879,72.121,30.44,41.681,41.681,138.319,A,,,,,,,,,,,,,,,,
38,WT1,3,4,,-7.125,172.875,30.44,142.435,142.435,37.565,A,,,,,,,,,,,,,,,,
38,WT1,4,6,,-94.97,85.03,30.44,54.59,54.59,125.41,IL-P,,,,,,,,,,,,,,,,
38,WT1,5,8,,25.017,25.017,30.44,-5.423,174.577,5.423,A,,,,,,,,,,,,,,,,
38,WT1,6,7,,-125.538,54.462,30.44,24.022,24.022,155.978,P,,,,,,,,,,,,,,,,
38,WT1,7,7,,-31.608,148.392,30.44,117.952,117.952,62.048,IL-P,,,,,,,,,,,,,,,,
38,WT1,8,11,,-66.501,113.499,30.44,83.059,83.059,96.941,IL-P,*Spindle rotated before division,,,,,,,,,,,,,,,
38,WT1,9,12,,75.466,75.466,30.44,45.026,45.026,134.974,P,,,,,,,,,,,,,,,,
38,WT1,10,13,,-42.614,137.386,30.44,106.946,106.946,73.054,P,,,,,,,,,,,,,,,,
38,WT1,11,13,,-54.462,125.538,30.44,95.098,95.098,84.902,IL-A,,,,,,,,,,,,,,,,
38,WT1,12,13,,45,45,30.44,14.56,14.56,165.44,IL-P,,,,,,,,,,,,,,,,
38,WT1,13,14,,-41.987,138.013,30.44,107.573,107.573,72.427,IL-P,*Spindle rotated before division,,,,,,,,,,,,,,,
38,WT1,14,14,,-50.906,129.094,30.44,98.654,98.654,81.346,P,,,,,,,,,,,,,,,,
38,WT1,15,14,,-88.091,91.909,30.44,61.469,61.469,118.531,A,*Spindle rotated before division,,,,,,,,,,,,,,,
38,WT1,16,14,,-96.71,83.29,30.44,52.85,52.85,127.15,A,*Spindle rotated before division,,,,,,,,,,,,,,,
38,WT1,17,16,,-106.189,73.811,30.44,43.371,43.371,136.629,A,,,,,,,,,,,,,,,,
38,WT1,18,16,,-132.274,47.726,30.44,17.286,17.286,162.714,P,,,,,,,,,,,,,,,,
38,WT1,19,15,,-28.811,151.189,30.44,120.749,120.749,59.251,P,,,,,,,,,,,,,,,,
38,WT1,20,17,,-130.101,49.899,30.44,19.459,19.459,160.541,P,,,,,,,,,,,,,,,,
38,WT1,21,17,,-125.838,54.162,30.44,23.722,23.722,156.278,P,,,,,,,,,,,,,,,,
38,WT1,22,18,,-45,135,30.44,104.56,104.56,75.44,IL-P,,,,,,,,,,,,,,,,
38,WT1,23,17,,-46.397,133.603,30.44,103.163,103.163,76.837,A,,,,,,,,,,,,,,,,
38,WT1,24,19,,-130.601,49.399,30.44,18.959,18.959,161.041,P,,,,,,,,,,,,,,,,
38,WT1,25,18,,-119.982,60.018,30.44,29.578,29.578,150.422,A,*Spindle rotated before division,,,,,,,,,,,,,,,
38,WT1,26,16,,56.31,56.31,30.44,25.87,25.87,154.13,A,,,,,,,,,,,,,,,,
38,WT1,27,17,,-95.711,84.289,30.44,53.849,53.849,126.151,A,,,,,,,,,,,,,,,,
38,WT1,28,17,,-84.289,95.711,30.44,65.271,65.271,114.729,A,,,,,,,,,,,,,,,,
38,WT1,29,15,,-69.864,110.136,30.44,79.696,79.696,100.304,A,,,,,,,,,,,,,,,,
38,WT1,30,20,,-7.352,172.648,30.44,142.208,142.208,37.792,IL-P,,,,,,,,,,,,,,,,
38,WT1,31,20,,-61.189,118.811,30.44,88.371,88.371,91.629,IL-P,,,,,,,,,,,,,,,,
38,WT1,32,20,,-66.801,113.199,30.44,82.759,82.759,97.241,A,,,,,,,,,,,,,,,,
38,WT1,33,21,,17.241,17.241,30.44,-13.199,166.801,13.199,A,,,,,,,,,,,,,,,,
38,WT1,34,20,,-81.469,98.531,30.44,68.091,68.091,111.909,P,,,,,,,,,,,,,,,,
38,WT1,35,21,,7.853,7.853,30.44,-22.587,157.413,22.587,P,,,,,,,,,,,,,,,,
38,WT1,36,21,,-20.136,159.864,30.44,129.424,129.424,50.576,IL-A,"Disrupts IL continuity, then resolves (sorting?)",,,,,,,,,,,,,,,
38,WT1,37,21,,-57.724,122.276,30.44,91.836,91.836,88.164,IL-A,,,,,,,,,,,,,,,,
38,WT1,38,21,,17.103,17.103,30.44,-13.337,166.663,13.337,P,,,,,,,,,,,,,,,,
38,WT1,39,21,,-68.199,111.801,30.44,81.361,81.361,98.639,P,,,,,,,,,,,,,,,,
38,WT1,40,20,,2.49,2.49,30.44,-27.95,152.05,27.95,P,,,,,,,,,,,,,,,,
38,WT1,41,21,,22.249,22.249,30.44,-8.191,171.809,8.191,P,,,,,,,,,,,,,,,,
38,WT1,42,22,,-22.479,157.521,30.44,127.081,127.081,52.919,A,,,,,,,,,,,,,,,,
38,WT1,43,22,,-128.928,51.072,30.44,20.632,20.632,159.368,A,,,,,,,,,,,,,,,,
38,WT1,44,17,,-63.435,116.565,30.44,86.125,86.125,93.875,IL-P,,,,,,,,,,,,,,,,
38,WT1,45,22,,-50.528,129.472,30.44,99.032,99.032,80.968,P,,,,,,,,,,,,,,,,
38,WT1,46,23,,-135,45,30.44,14.56,14.56,165.44,P,,,,,,,,,,,,,,,,
38,WT1,47,22,,-58.57,121.43,30.44,90.99,90.99,89.01,P,,,,,,,,,,,,,,,,
38,WT1,48,24,,-55.713,124.287,30.44,93.847,93.847,86.153,IL-A,,,,,,,,,,,,,,,,
38,WT1,49,26,,-74.745,105.255,30.44,74.815,74.815,105.185,P,,,,,,,,,,,,,,,,
38,WT1,50,26,,-55.491,124.509,30.44,94.069,94.069,85.931,P,,,,,,,,,,,,,,,,
38,WT1,51,26,,-64.359,115.641,30.44,85.201,85.201,94.799,IL-A,,,,,,,,,,,,,,,,
38,WT1,52,26,,4.236,4.236,30.44,-26.204,153.796,26.204,IL-A,,,,,,,,,,,,,,,,
38,WT1,53,28,,-8.427,171.573,30.44,141.133,141.133,38.867,A,,,,,,,,,,,,,,,,
38,WT1,54,26,,-74.932,105.068,30.44,74.628,74.628,105.372,A,,,,,,,,,,,,,,,,
38,WT1,55,27,,60.945,60.945,30.44,30.505,30.505,149.495,IL-A,,,,,,,,,,,,,,,,
38,WT1,56,23,,-68.629,111.371,30.44,80.931,80.931,99.069,A,,,,,,,,,,,,,,,,
38,WT1,57,22,,-61.189,118.811,30.44,88.371,88.371,91.629,A,,,,,,,,,,,,,,,,
38,WT1,58,29,,-27.553,152.447,30.44,122.007,122.007,57.993,IL-P,,,,,,,,,,,,,,,,
38,WT1,59,28,,-56.31,123.69,30.44,93.25,93.25,86.75,P,,,,,,,,,,,,,,,,
38,WT1,60,32,,-53.616,126.384,30.44,95.944,95.944,84.056,P,,,,,,,,,,,,,,,,
38,WT1,61,29,,-56.31,123.69,30.44,93.25,93.25,86.75,P,,,,,,,,,,,,,,,,
38,WT1,62,29,,11.768,11.768,30.44,-18.672,161.328,18.672,P,,,,,,,,,,,,,,,,
38,WT1,63,30,,19.44,19.44,30.44,-11,169,11,P,,,,,,,,,,,,,,,,
38,WT1,64,35,,-136.736,43.264,30.44,12.824,12.824,167.176,A,,,,,,,,,,,,,,,,
38,WT1,65,34,,-136.736,43.264,30.44,12.824,12.824,167.176,A,,,,,,,,,,,,,,,,
38,WT1,66,35,,26.565,26.565,30.44,-3.875,176.125,3.875,A,,,,,,,,,,,,,,,,
38,WT1,67,35,,-123.024,56.976,30.44,26.536,26.536,153.464,A,,,,,,,,,,,,,,,,
38,WT1,68,36,,-80.538,99.462,30.44,69.022,69.022,110.978,A,*Spindle rotated before division,,,,,,,,,,,,,,,
38,WT1,69,36,,-60.255,119.745,30.44,89.305,89.305,90.695,A,,,,,,,,,,,,,,,,
38,WT1,70,36,,-98.13,81.87,30.44,51.43,51.43,128.57,A,,,,,,,,,,,,,,,,
38,WT1,71,35,,-59.036,120.964,30.44,90.524,90.524,89.476,A,*Spindle rotated before division,,,,,,,,,,,,,,,
38,WT1,72,35,,-65.376,114.624,30.44,84.184,84.184,95.816,A,*Spindle rotated before division,,,,,,,,,,,,,,,
38,WT1,73,35,,34.38,34.38,30.44,3.94,3.94,176.06,A,,,,,,,,,,,,,,,,
38,WT1,74,33,,2.203,2.203,30.44,-28.237,151.763,28.237,A,,,,,,,,,,,,,,,,
38,WT1,75,35,,-7.595,172.405,30.44,141.965,141.965,38.035,IL-A,Cell divided towards rosette,,,,,,,,,,,,,,,
38,WT1,76,36,,-83.418,96.582,30.44,66.142,66.142,113.858,A,,,,,,,,,,,,,,,,
38,WT1,77,31,,-45,135,30.44,104.56,104.56,75.44,A,,,,,,,,,,,,,,,,
38,WT1,78,25,,-1.637,178.363,30.44,147.923,147.923,32.077,A,,,,,,,,,,,,,,,,
38,WT1,79,25,,-3.814,176.186,30.44,145.746,145.746,34.254,A,*Spindle rotated before division,,,,,,,,,,,,,,,
44,WT1,1,1,,-31.43,148.57,34.756,113.814,113.814,66.186,IL-A,,,,,,,,,,,,,,,,
44,WT1,2,2,,18.104,18.104,34.756,-16.652,163.348,16.652,P,,,,,,,,,,,,,,,,
44,WT1,3,2,,-49.399,130.601,34.756,95.845,95.845,84.155,P,,,,,,,,,,,,,,,,
44,WT1,4,3,,-33.69,146.31,34.756,111.554,111.554,68.446,A,,,,,,,,,,,,,,,,
44,WT1,5,3,,-143.13,36.87,34.756,2.114,2.114,177.886,A,,,,,,,,,,,,,,,,
44,WT1,6,2,,-136.219,43.781,34.756,9.025,9.025,170.975,A,*Spindle rotated before division,,,,,,,,,,,,,,,
44,WT1,7,3,,-3.489,176.511,34.756,141.755,141.755,38.245,A,,,,,,,,,,,,,,,,
44,WT1,8,5,,23.552,23.552,34.756,-11.204,168.796,11.204,IL-A,,,,,,,,,,,,,,,,
44,WT1,9,6,,-69.677,110.323,34.756,75.567,75.567,104.433,A,,,,,,,,,,,,,,,,
44,WT1,10,6,,-11.821,168.179,34.756,133.423,133.423,46.577,A,,,,,,,,,,,,,,,,
44,WT1,11,3,,-124.778,55.222,34.756,20.466,20.466,159.534,A,,,,,,,,,,,,,,,,
44,WT1,12,4,,-51.147,128.853,34.756,94.097,94.097,85.903,A,,,,,,,,,,,,,,,,
44,WT1,13,7,,-136.005,43.995,34.756,9.239,9.239,170.761,A,,,,,,,,,,,,,,,,
44,WT1,14,5,,-120.964,59.036,34.756,24.28,24.28,155.72,A,,,,,,,,,,,,,,,,
44,WT1,15,4,,-114.538,65.462,34.756,30.706,30.706,149.294,P,,,,,,,,,,,,,,,,
44,WT1,16,4,,-92.759,87.241,34.756,52.485,52.485,127.515,P,,,,,,,,,,,,,,,,
44,WT1,17,6,,-115.53,64.47,34.756,29.714,29.714,150.286,P,,,,,,,,,,,,,,,,
44,WT1,18,6,,-28.142,151.858,34.756,117.102,117.102,62.898,P,*Spindle rotated before division,,,,,,,,,,,,,,,
44,WT1,19,9,,-113.962,66.038,34.756,31.282,31.282,148.718,A,*Spindle rotated before division,,,,,,,,,,,,,,,
44,WT1,20,8,,-90,90,34.756,55.244,55.244,124.756,A,*Spindle rotated before division,,,,,,,,,,,,,,,
44,WT1,21,9,,-81.87,98.13,34.756,63.374,63.374,116.626,A,,,,,,,,,,,,,,,,
44,WT1,22,9,,-82.405,97.595,34.756,62.839,62.839,117.161,A,,,,,,,,,,,,,,,,
44,WT1,23,10,,-18.435,161.565,34.756,126.809,126.809,53.191,A,,,,,,,,,,,,,,,,
44,WT1,24,9,,-97.306,82.694,34.756,47.938,47.938,132.062,A,,,,,,,,,,,,,,,,
44,WT1,25,9,,-33.69,146.31,34.756,111.554,111.554,68.446,A,*Spindle rotated before division,,,,,,,,,,,,,,,
44,WT1,26,10,,16.39,16.39,34.756,-18.366,161.634,18.366,IL-A,,,,,,,,,,,,,,,,
44,WT1,27,10,,-9.462,170.538,34.756,135.782,135.782,44.218,IL-A,,,,,,,,,,,,,,,,
44,WT1,28,10,,25.821,25.821,34.756,-8.935,171.065,8.935,A,,,,,,,,,,,,,,,,
44,WT1,29,10,,-41.496,138.504,34.756,103.748,103.748,76.252,A,,,,,,,,,,,,,,,,
44,WT1,30,10,,-130.601,49.399,34.756,14.643,14.643,165.357,A,,,,,,,,,,,,,,,,
44,WT1,31,5,,-72.897,107.103,34.756,72.347,72.347,107.653,P,,,,,,,,,,,,,,,,
44,WT1,32,8,,-70.821,109.179,34.756,74.423,74.423,105.577,A,*Spindle rotated before division,,,,,,,,,,,,,,,
44,WT1,33,13,,-113.806,66.194,31.171,35.023,35.023,144.977,A,,,,,,,,,,,,,,,,
44,WT1,34,16,,30.53,30.53,31.171,-0.641,179.359,0.641,A,*Spindle rotated before division,,,,,,,,,,,,,,,
44,WT1,35,15,,-114.567,65.433,31.171,34.262,34.262,145.738,A,,,,,,,,,,,,,,,,
44,WT1,36,15,,6.789,6.789,31.171,-24.382,155.618,24.382,A,,,,,,,,,,,,,,,,
44,WT1,37,15,,-28.706,151.294,31.171,120.123,120.123,59.877,A,,,,,,,,,,,,,,,,
44,WT1,38,13,,-96.203,83.797,31.171,52.626,52.626,127.374,A,,,,,,,,,,,,,,,,
44,WT1,39,13,,-32.005,147.995,31.171,116.824,116.824,63.176,A,,,,,,,,,,,,,,,,
44,WT1,40,13,,41.424,41.424,31.171,10.253,10.253,169.747,A,*Spindle rotated before division,,,,,,,,,,,,,,,
44,WT1,41,14,,-136.397,43.603,31.171,12.432,12.432,167.568,A,,,,,,,,,,,,,,,,
44,WT1,42,14,,-144.324,35.676,31.171,4.505,4.505,175.495,A,,,,,,,,,,,,,,,,
44,WT1,43,16,,1.432,1.432,31.171,-29.739,150.261,29.739,A,*Spindle rotated before division,,,,,,,,,,,,,,,
44,WT1,44,16,,-146.659,33.341,31.171,2.17,2.17,177.83,A,,,,,,,,,,,,,,,,
44,WT1,45,17,,-14.421,165.579,31.171,134.408,134.408,45.592,A,,,,,,,,,,,,,,,,
44,WT1,46,17,,-15.376,164.624,31.171,133.453,133.453,46.547,A,,,,,,,,,,,,,,,,
44,WT1,47,17,,8.531,8.531,31.171,-22.64,157.36,22.64,IL-P,,,,,,,,,,,,,,,,
44,WT1,48,22,,-83.019,96.981,31.171,65.81,65.81,114.19,IL-P,"*Spindle rotated before division (90 degrees!!!!), IL",,,,,,,,,,,,,,,
44,WT1,49,19,,-21.318,158.682,31.171,127.511,127.511,52.489,A,,,,,,,,,,,,,,,,
44,WT1,50,20,,-80.272,99.728,31.171,68.557,68.557,111.443,A,,,,,,,,,,,,,,,,
44,WT1,51,20,,0,0,31.171,-31.171,148.829,31.171,A,,,,,,,,,,,,,,,,
44,WT1,52,22,,-50.389,129.611,31.171,98.44,98.44,81.56,A,,,,,,,,,,,,,,,,
44,WT1,53,21,,-121.827,58.173,31.171,27.002,27.002,152.998,P,,,,,,,,,,,,,,,,
44,WT1,54,16,,-30.53,149.47,31.171,118.299,118.299,61.701,A,,,,,,,,,,,,,,,,
44,WT1,55,20,,-53.13,126.87,31.171,95.699,95.699,84.301,A,,,,,,,,,,,,,,,,
44,WT1,56,18,,-28.393,151.607,31.171,120.436,120.436,59.564,A,,,,,,,,,,,,,,,,
44,WT1,57,21,,-44.17,135.83,31.171,104.659,104.659,75.341,IL-P,,,,,,,,,,,,,,,,
44,WT1,58,23,,-117.15,62.85,31.171,31.679,31.679,148.321,IL-P,**Rotated/divided towards rosette,,,,,,,,,,,,,,,
44,WT1,59,25,,60.945,60.945,34.315,26.63,26.63,153.37,P,**Rotated/divided towards same rosette as 58,,,,,,,,,,,,,,,
44,WT1,60,27,,-47.911,132.089,34.315,97.774,97.774,82.226,A,,,,,,,,,,,,,,,,
44,WT1,61,30,,-50.793,129.207,34.315,94.892,94.892,85.108,P,,,,,,,,,,,,,,,,
44,WT1,62,29,,1.432,1.432,34.315,-32.883,147.117,32.883,P,,,,,,,,,,,,,,,,
44,WT1,63,31,,-145.008,34.992,34.315,0.677,0.677,179.323,P,,,,,,,,,,,,,,,,
44,WT1,64,33,,-45.855,134.145,34.315,99.83,99.83,80.17,P,,,,,,,,,,,,,,,,
44,WT1,65,34,,17.592,17.592,34.315,-16.723,163.277,16.723,P,,,,,,,,,,,,,,,,
44,WT1,66,34,,32.347,32.347,34.315,-1.968,178.032,1.968,IL-P,,,,,,,,,,,,,,,,
44,WT1,67,34,,-122.471,57.529,34.315,23.214,23.214,156.786,P,,,,,,,,,,,,,,,,
44,WT1,68,35,,24.341,24.341,34.315,-9.974,170.026,9.974,P,*Spindle rotated before division,,,,,,,,,,,,,,,
44,WT1,69,36,,-166.293,13.707,34.315,-20.608,159.392,20.608,P,,,,,,,,,,,,,,,,
44,WT1,70,36,,-108.97,71.03,34.315,36.715,36.715,143.285,P,,,,,,,,,,,,,,,,
44,WT1,71,36,,-4.399,175.601,34.315,141.286,141.286,38.714,P,,,,,,,,,,,,,,,,
44,WT1,72,33,,20.726,20.726,34.315,-13.589,166.411,13.589,IL-A,,,,,,,,,,,,,,,,
44,WT1,73,36,,-88.568,91.432,34.315,57.117,57.117,122.883,A,,,,,,,,,,,,,,,,
44,WT1,74,33,,-119.539,60.461,34.315,26.146,26.146,153.854,P,,,,,,,,,,,,,,,,
44,WT1,75,34,,-100.62,79.38,34.315,45.065,45.065,134.935,P,,,,,,,,,,,,,,,,
44,WT1,76,35,,3.9,3.9,34.315,-30.415,149.585,30.415,A,,,,,,,,,,,,,,,,
44,WT1,77,22,,-76.675,103.325,31.171,72.154,72.154,107.846,A,*Spindle rotated before division,,,,,,,,,,,,,,,
44,WT1,78,23,,-64.134,115.866,31.171,84.695,84.695,95.305,A,,,,,,,,,,,,,,,,
44,WT1,79,23,,11.821,11.821,31.171,-19.35,160.65,19.35,A,,,,,,,,,,,,,,,,
44,WT1,80,23,,-116.565,63.435,31.171,32.264,32.264,147.736,A,,,,,,,,,,,,,,,,
44,WT1,81,27,,-91.219,88.781,34.315,54.466,54.466,125.534,A,,,,,,,,,,,,,,,,
44,WT1,82,30,,-68.749,111.251,34.315,76.936,76.936,103.064,A,,,,,,,,,,,,,,,,
44,WT1,83,32,,-83.29,96.71,34.315,62.395,62.395,117.605,A,,,,,,,,,,,,,,,,
44,WT1,84,32,,-79.563,100.437,34.315,66.122,66.122,113.878,A,,,,,,,,,,,,,,,,
44,WT1,85,33,,-104.931,75.069,34.315,40.754,40.754,139.246,A,*Spindle rotated before division,,,,,,,,,,,,,,,
44,WT1,86,34,,-74.876,105.124,34.315,70.809,70.809,109.191,A,,,,,,,,,,,,,,,,
44,WT1,87,34,,-95.356,84.644,34.315,50.329,50.329,129.671,A,,,,,,,,,,,,,,,,
44,WT1,88,18,,9.819,9.819,31.171,-21.352,158.648,21.352,P,,,,,,,,,,,,,,,,
44,WT1,89,28,,-112.62,67.38,34.315,33.065,33.065,146.935,A,,,,,,,,,,,,,,,,
44,WT1,90,19,,-65.323,114.677,31.171,83.506,83.506,96.494,A,,,,,,,,,,,,,,,,
44,WT1,91,31,,-121.759,58.241,34.315,23.926,23.926,156.074,A,,,,,,,,,,,,,,,,
44,WT1,92,27,,-34.38,145.62,34.315,111.305,111.305,68.695,A,,,,,,,,,,,,,,,,
44,WT1,93,18,,-3.18,176.82,31.171,145.649,145.649,34.351,A,,,,,,,,,,,,,,,,
38,WT2,1,1,,12.529,12.529,5.87,6.659,6.659,173.341,P,,,,,,,,,,,,,,,,
38,WT2,2,2,,-154.654,25.346,5.87,19.476,19.476,160.524,A,,,,,,,,,,,,,,,,
38,WT2,3,1,,-42.51,137.49,5.87,131.62,131.62,48.38,P,,,,,,,,,,,,,,,,
38,WT2,4,3,,-99.866,80.134,5.87,74.264,74.264,105.736,P,,,,,,,,,,,,,,,,
38,WT2,5,4,,5.194,5.194,5.87,-0.676,179.324,0.676,IL-P,,,,,,,,,,,,,,,,
38,WT2,6,6,,8.746,8.746,5.87,2.876,2.876,177.124,P,,,,,,,,,,,,,,,,
38,WT2,7,3,,180,180,5.87,174.13,174.13,5.87,A,,,,,,,,,,,,,,,,
38,WT2,8,7,,-100.305,79.695,5.87,73.825,73.825,106.175,A,,,,,,,,,,,,,,,,
38,WT2,9,7,,-93.013,86.987,5.87,81.117,81.117,98.883,A,,,,,,,,,,,,,,,,
38,WT2,10,8,,-97.125,82.875,5.87,77.005,77.005,102.995,A,,,,,,,,,,,,,,,,
38,WT2,11,9,,-122.005,57.995,5.87,52.125,52.125,127.875,A,*Spindle rotated before division,,,,,,,,,,,,,,,
38,WT2,12,8,,-92.203,87.797,5.87,81.927,81.927,98.073,IL-A,,,,,,,,,,,,,,,,
38,WT2,13,10,,-59.534,120.466,5.87,114.596,114.596,65.404,IL-A,,,,,,,,,,,,,,,,
38,WT2,14,10,,-74.932,105.068,5.87,99.198,99.198,80.802,IL-A,,,,,,,,,,,,,,,,
38,WT2,15,12,,31.329,31.329,5.87,25.459,25.459,154.541,IL-P,,,,,,,,,,,,,,,,
38,WT2,16,13,,-92.203,87.797,5.87,81.927,81.927,98.073,IL-P,,,,,,,,,,,,,,,,
38,WT2,17,17,,-130.101,49.899,5.87,44.029,44.029,135.971,P,,,,,,,,,,,,,,,,
38,WT2,18,16,,-64.983,115.017,5.87,109.147,109.147,70.853,P,,,,,,,,,,,,,,,,
38,WT2,19,15,,-23.962,156.038,5.87,150.168,150.168,29.832,IL-P,,,,,,,,,,,,,,,,
38,WT2,20,17,,-120.256,59.744,5.87,53.874,53.874,126.126,P,,,,,,,,,,,,,,,,
38,WT2,21,16,,15.945,15.945,5.87,10.075,10.075,169.925,P,,,,,,,,,,,,,,,,
38,WT2,22,19,,-38.29,141.71,5.87,135.84,135.84,44.16,P,,,,,,,,,,,,,,,,
38,WT2,23,19,,-75.964,104.036,5.87,98.166,98.166,81.834,P,,,,,,,,,,,,,,,,
38,WT2,24,19,,-154.983,25.017,5.87,19.147,19.147,160.853,P,,,,,,,,,,,,,,,,
38,WT2,25,21,,-9.09,170.91,5.87,165.04,165.04,14.96,P,,,,,,,,,,,,,,,,
38,WT2,26,21,,-152.103,27.897,5.87,22.027,22.027,157.973,P,,,,,,,,,,,,,,,,
38,WT2,27,17,,-9.462,170.538,5.87,164.668,164.668,15.332,P,,,,,,,,,,,,,,,,
38,WT2,28,17,,-8.531,171.469,5.87,165.599,165.599,14.401,A,,,,,,,,,,,,,,,,
38,WT2,29,20,,-25.346,154.654,5.87,148.784,148.784,31.216,P,,,,,,,,,,,,,,,,
38,WT2,30,20,,22.62,22.62,5.87,16.75,16.75,163.25,P,,,,,,,,,,,,,,,,
38,WT2,31,20,,-141.633,38.367,5.87,32.497,32.497,147.503,P,,,,,,,,,,,,,,,,
38,WT2,32,20,,-53.13,126.87,5.87,121,121,59,IL-P,,,,,,,,,,,,,,,,
38,WT2,33,19,,-47.49,132.51,5.87,126.64,126.64,53.36,A,,,,,,,,,,,,,,,,
38,WT2,34,22,,-107.526,72.474,5.87,66.604,66.604,113.396,A,,,,,,,,,,,,,,,,
38,WT2,35,21,,0,0,5.87,-5.87,174.13,5.87,A,,,,,,,,,,,,,,,,
38,WT2,36,23,,-158.199,21.801,5.87,15.931,15.931,164.069,P,,,,,,,,,,,,,,,,
38,WT2,37,23,,-118.301,61.699,5.87,55.829,55.829,124.171,A,,,,,,,,,,,,,,,,
38,WT2,38,23,,-85.03,94.97,5.87,89.1,89.1,90.9,A,,,,,,,,,,,,,,,,
38,WT2,39,24,,-95.194,84.806,5.87,78.936,78.936,101.064,P,,,,,,,,,,,,,,,,
38,WT2,40,26,,-32.005,147.995,5.87,142.125,142.125,37.875,A,,,,,,,,,,,,,,,,
38,WT2,41,28,,-90,90,5.87,84.13,84.13,95.87,A,,,,,,,,,,,,,,,,
38,WT2,42,28,,-125.838,54.162,5.87,48.292,48.292,131.708,A,,,,,,,,,,,,,,,,
38,WT2,43,28,,-5.194,174.806,5.87,168.936,168.936,11.064,A,,,,,,,,,,,,,,,,
38,WT2,44,27,,-105.524,74.476,5.87,68.606,68.606,111.394,A,*Spindle rotated before division,,,,,,,,,,,,,,,
38,WT2,45,27,,-109.983,70.017,5.87,64.147,64.147,115.853,P,,,,,,,,,,,,,,,,
38,WT2,46,26,,1.848,1.848,5.87,-4.022,175.978,4.022,P,,,,,,,,,,,,,,,,
38,WT2,47,26,,-21.801,158.199,5.87,152.329,152.329,27.671,P,,,,,,,,,,,,,,,,
38,WT2,48,30,,-159.146,20.854,5.87,14.984,14.984,165.016,A,,,,,,,,,,,,,,,,
38,WT2,49,32,,-108.435,71.565,5.87,65.695,65.695,114.305,A,,,,,,,,,,,,,,,,
38,WT2,50,33,,-120.964,59.036,5.87,53.166,53.166,126.834,A,,,,,,,,,,,,,,,,
38,WT2,51,33,,52.696,52.696,5.87,46.826,46.826,133.174,IL-A,,,,,,,,,,,,,,,,
38,WT2,52,34,,-74.932,105.068,5.87,99.198,99.198,80.802,A,,,,,,,,,,,,,,,,
38,WT2,53,34,,24.444,24.444,5.87,18.574,18.574,161.426,A,,,,,,,,,,,,,,,,
38,WT2,54,35,,-58.241,121.759,5.87,115.889,115.889,64.111,A,,,,,,,,,,,,,,,,
38,WT2,55,35,,54.162,54.162,5.87,48.292,48.292,131.708,A,,,,,,,,,,,,,,,,
38,WT2,56,35,,-93.18,86.82,5.87,80.95,80.95,99.05,A,,,,,,,,,,,,,,,,
38,WT2,57,36,,0,0,5.87,-5.87,174.13,5.87,A,,,,,,,,,,,,,,,,
38,WT2,58,36,,5.44,5.44,5.87,-0.43,179.57,0.43,A,,,,,,,,,,,,,,,,
38,WT2,59,4,,-55.491,124.509,5.87,118.639,118.639,61.361,A,,,,,,,,,,,,,,,,
38,WT2,60,36,,-23.629,156.371,5.87,150.501,150.501,29.499,A,,,,,,,,,,,,,,,,
38,WT2,61,30,,-78.111,101.889,5.87,96.019,96.019,83.981,P,,,,,,,,,,,,,,,,
38,WT2,62,1,,-79.509,100.491,5.87,94.621,94.621,85.379,P,,,,,,,,,,,,,,,,
38,WT2,63,25,,-74.476,105.524,5.87,99.654,99.654,80.346,P,,,,,,,,,,,,,,,,
44,WT2,1,2,,1.548,1.548,148.483,146.935,146.935,146.935,A,*Spindle rotated before division,,,,,,,,,,,,,,,
44,WT2,2,1,,-22.62,157.38,148.483,-8.897,171.103,171.103,P,,,,,,,,,,,,,,,,
44,WT2,3,3,,-7.461,172.539,148.483,-24.056,155.944,155.944,P,,,,,,,,,,,,,,,,
44,WT2,4,8,,-33.275,146.725,148.483,1.758,1.758,1.758,P,,,,,,,,,,,,,,,,
44,WT2,5,1,,-17.526,162.474,148.483,-13.991,166.009,166.009,IL-P,,,,,,,,,,,,,,,,
44,WT2,6,2,,-167.471,12.529,148.483,135.954,135.954,135.954,A,,,,,,,,,,,,,,,,
44,WT2,7,2,,-115.866,64.134,148.483,84.349,84.349,84.349,A,,,,,,,,,,,,,,,,
44,WT2,8,4,,-11.768,168.232,148.483,-19.749,160.251,160.251,A,,,,,,,,,,,,,,,,
44,WT2,9,4,,-126.87,53.13,148.483,95.353,95.353,95.353,IL-A,,,,,,,,,,,,,,,,
44,WT2,10,4,,-113.839,66.161,148.483,82.322,82.322,82.322,IL-A,,,,,,,,,,,,,,,,
44,WT2,11,6,,-137.045,42.955,148.483,105.528,105.528,105.528,IL-A,,,,,,,,,,,,,,,,
44,WT2,12,5,,-137.726,42.274,148.483,106.209,106.209,106.209,IL-P,,,,,,,,,,,,,,,,
44,WT2,13,3,,-25.56,154.44,148.483,-5.957,174.043,174.043,A,,,,,,,,,,,,,,,,
44,WT2,14,4,,-150.396,29.604,148.483,118.879,118.879,118.879,A,,,,,,,,,,,,,,,,
44,WT2,15,5,,-116.003,63.997,148.483,84.486,84.486,84.486,P,,,,,,,,,,,,,,,,
44,WT2,16,5,,-142.496,37.504,148.483,110.979,110.979,110.979,A,,,,,,,,,,,,,,,,
44,WT2,17,5,,-112.011,67.989,148.483,80.494,80.494,80.494,IL-A,,,,,,,,,,,,,,,,
44,WT2,18,5,,-122.152,57.848,148.483,90.635,90.635,90.635,A,,,,,,,,,,,,,,,,
44,WT2,19,5,,-147.995,32.005,148.483,116.478,116.478,116.478,A,,,,,,,,,,,,,,,,
44,WT2,20,5,,-26.565,153.435,148.483,-4.952,175.048,175.048,A,,,,,,,,,,,,,,,,
44,WT2,21,8,,-90,90,148.483,58.483,58.483,58.483,A,*Spindle rotated before division,,,,,,,,,,,,,,,
44,WT2,22,6,,-15.124,164.876,148.483,-16.393,163.607,163.607,A,,,,,,,,,,,,,,,,
44,WT2,23,8,,1.332,1.332,148.483,147.151,147.151,147.151,A,,,,,,,,,,,,,,,,
44,WT2,24,9,,-22.834,157.166,148.483,-8.683,171.317,171.317,A,*Spindle rotated before division,,,,,,,,,,,,,,,
44,WT2,25,9,,-133.152,46.848,148.483,101.635,101.635,101.635,A,,,,,,,,,,,,,,,,
44,WT2,26,5,,-120.256,59.744,148.483,88.739,88.739,88.739,A,,,,,,,,,,,,,,,,
44,WT2,27,5,,-24.944,155.056,148.483,-6.573,173.427,173.427,A,,,,,,,,,,,,,,,,
44,WT2,28,6,,-25.084,154.916,148.483,-6.433,173.567,173.567,A,,,,,,,,,,,,,,,,
44,WT2,29,8,,-119.358,60.642,148.483,87.841,87.841,87.841,IL-A,,,,,,,,,,,,,,,,
44,WT2,30,8,,-109.855,70.145,148.483,78.338,78.338,78.338,A,,,,,,,,,,,,,,,,
44,WT2,31,11,,-127.875,52.125,148.483,96.358,96.358,96.358,IL-A,,,,,,,,,,,,,,,,
44,WT2,32,11,,-83.66,96.34,148.483,52.143,52.143,52.143,IL-P,,,,,,,,,,,,,,,,
44,WT2,33,12,,-57.848,122.152,148.483,26.331,26.331,26.331,P,,,,,,,,,,,,,,,,
44,WT2,34,12,,-138.013,41.987,148.483,106.496,106.496,106.496,A,,,,,,,,,,,,,,,,
44,WT2,35,13,,-154.722,25.278,148.483,123.205,123.205,123.205,A,,,,,,,,,,,,,,,,
44,WT2,36,15,,-135,45,148.483,103.483,103.483,103.483,IL-A,,,,,,,,,,,,,,,,
44,WT2,37,15,,-64.134,115.866,148.483,32.617,32.617,32.617,P,,,,,,,,,,,,,,,,
44,WT2,38,15,,1.79,1.79,148.483,146.693,146.693,146.693,P,,,,,,,,,,,,,,,,
44,WT2,39,13,,48.366,48.366,148.483,100.117,100.117,100.117,IL-A,,,,,,,,,,,,,,,,
44,WT2,40,9,,-68.199,111.801,148.483,36.682,36.682,36.682,IL-P,,,,,,,,,,,,,,,,
44,WT2,41,16,,-44.061,135.939,148.483,12.544,12.544,12.544,P,,,,,,,,,,,,,,,,
44,WT2,42,13,,-47.643,132.357,148.483,16.126,16.126,16.126,A,,,,,,,,,,,,,,,,
44,WT2,43,11,,-20.556,159.444,148.483,-10.961,169.039,169.039,A,,,,,,,,,,,,,,,,
44,WT2,44,12,,-140.793,39.207,148.483,109.276,109.276,109.276,A,,,,,,,,,,,,,,,,
44,WT2,45,12,,3.366,3.366,148.483,145.117,145.117,145.117,A,,,,,,,,,,,,,,,,
44,WT2,46,11,,-40.426,139.574,148.483,8.909,8.909,8.909,A,,,,,,,,,,,,,,,,
44,WT2,47,12,,-123.69,56.31,148.483,92.173,92.173,92.173,A,,,,,,,,,,,,,,,,
44,WT2,48,14,,-27.121,152.879,148.483,-4.396,175.604,175.604,A,,,,,,,,,,,,,,,,
44,WT2,49,14,,-153.97,26.03,148.483,122.453,122.453,122.453,A,,,,,,,,,,,,,,,,
44,WT2,50,14,,17.592,17.592,148.483,130.891,130.891,130.891,A,,,,,,,,,,,,,,,,
44,WT2,51,15,,-20.898,159.102,148.483,-10.619,169.381,169.381,A,,,,,,,,,,,,,,,,
44,WT2,52,16,,-132.769,47.231,148.483,101.252,101.252,101.252,A,,,,,,,,,,,,,,,,
44,WT2,53,16,,-64.799,115.201,148.483,33.282,33.282,33.282,A,,,,,,,,,,,,,,,,
44,WT2,54,16,,-4.399,175.601,148.483,-27.118,152.882,152.882,A,,,,,,,,,,,,,,,,
44,WT2,55,16,,-22.834,157.166,148.483,-8.683,171.317,171.317,A,,,,,,,,,,,,,,,,
44,WT2,56,16,,-24.102,155.898,148.483,-7.415,172.585,172.585,A,,,,,,,,,,,,,,,,
44,WT2,57,17,,-61.763,118.237,148.483,30.246,30.246,30.246,A,,,,,,,,,,,,,,,,
44,WT2,58,18,,-6.654,173.346,148.483,-24.863,155.137,155.137,A,*Spindle rotated before division,,,,,,,,,,,,,,,
44,WT2,59,18,,-132.089,47.911,148.483,100.572,100.572,100.572,A,*Spindle rotated before division,,,,,,,,,,,,,,,
44,WT2,60,18,,-95.599,84.401,148.483,64.082,64.082,64.082,A,,,,,,,,,,,,,,,,
44,WT2,61,17,,-61.607,118.393,148.483,30.09,30.09,30.09,A,,,,,,,,,,,,,,,,
44,WT2,62,18,,-13.707,166.293,148.483,-17.81,162.19,162.19,A,,,,,,,,,,,,,,,,
44,WT2,63,19,,-132.839,47.161,153.435,106.274,106.274,106.274,A,,,,,,,,,,,,,,,,
44,WT2,64,19,,-53.13,126.87,153.435,26.565,26.565,26.565,A,,,,,,,,,,,,,,,,
44,WT2,65,20,,-115.866,64.134,153.435,89.301,89.301,89.301,A,,,,,,,,,,,,,,,,
44,WT2,66,11,,1.364,1.364,148.483,147.119,147.119,147.119,IL-P,,,,,,,,,,,,,,,,
44,WT2,67,9,,-116.565,63.435,148.483,85.048,85.048,85.048,A,,,,,,,,,,,,,,,,
44,WT2,68,17,,-93.814,86.186,148.483,62.297,62.297,62.297,P,,,,,,,,,,,,,,,,
44,WT2,69,18,,-90,90,148.483,58.483,58.483,58.483,P,,,,,,,,,,,,,,,,
44,WT2,70,17,,-133.919,46.081,148.483,102.402,102.402,102.402,A,,,,,,,,,,,,,,,,
44,WT2,71,20,,2.726,2.726,153.435,150.709,150.709,150.709,IL-P,,,,,,,,,,,,,,,,
44,WT2,72,20,,-94.865,85.135,153.435,68.3,68.3,68.3,IL-P,,,,,,,,,,,,,,,,
44,WT2,73,20,,-27.646,152.354,153.435,1.081,1.081,1.081,P,,,,,,,,,,,,,,,,
44,WT2,74,20,,-10.408,169.592,153.435,-16.157,163.843,163.843,P,,,,,,,,,,,,,,,,
44,WT2,75,21,,-90,90,153.435,63.435,63.435,63.435,IL-P,,,,,,,,,,,,,,,,
44,WT2,76,21,,-149.036,30.964,153.435,122.471,122.471,122.471,A,,,,,,,,,,,,,,,,
44,WT2,77,22,,-32.005,147.995,153.435,5.44,5.44,5.44,A,,,,,,,,,,,,,,,,
44,WT2,78,22,,-155.433,24.567,153.435,128.868,128.868,128.868,A,,,,,,,,,,,,,,,,
44,WT2,79,22,,-27.699,152.301,153.435,1.134,1.134,1.134,A,,,,,,,,,,,,,,,,
44,WT2,80,23,,-120.069,59.931,153.435,93.504,93.504,93.504,A,,,,,,,,,,,,,,,,
44,WT2,81,26,,-68.199,111.801,153.435,41.634,41.634,41.634,P,,,,,,,,,,,,,,,,
44,WT2,82,26,,-94.764,85.236,153.435,68.199,68.199,68.199,P,,,,,,,,,,,,,,,,
44,WT2,83,26,,-132.769,47.231,153.435,106.204,106.204,106.204,A,,,,,,,,,,,,,,,,
44,WT2,84,25,,-126.529,53.471,153.435,99.964,99.964,99.964,A,,,,,,,,,,,,,,,,
44,WT2,85,25,,-107.969,72.031,153.435,81.404,81.404,81.404,A,,,,,,,,,,,,,,,,
44,WT2,86,25,,-140.906,39.094,153.435,114.341,114.341,114.341,A,,,,,,,,,,,,,,,,
44,WT2,87,26,,-75.5,104.5,153.435,48.935,48.935,48.935,A,,,,,,,,,,,,,,,,
44,WT2,88,27,,10.305,10.305,153.435,143.13,143.13,143.13,A,,,,,,,,,,,,,,,,
44,WT2,89,22,,-111.801,68.199,153.435,85.236,85.236,85.236,P,,,,,,,,,,,,,,,,
44,WT2,90,30,,-30.964,149.036,153.435,4.399,4.399,4.399,IL-A,,,,,,,,,,,,,,,,
44,WT2,91,31,,-101.31,78.69,153.435,74.745,74.745,74.745,A,,,,,,,,,,,,,,,,
44,WT2,92,29,,-49.399,130.601,153.435,22.834,22.834,22.834,A,,,,,,,,,,,,,,,,
44,WT2,93,30,,-112.036,67.964,153.435,85.471,85.471,85.471,A,,,,,,,,,,,,,,,,
44,WT2,94,31,,-81.634,98.366,153.435,55.069,55.069,55.069,A,,,,,,,,,,,,,,,,
44,WT2,95,32,,-111.801,68.199,153.435,85.236,85.236,85.236,IL-P,,,,,,,,,,,,,,,,
44,WT2,96,28,,-13.736,166.264,153.435,-12.829,167.171,167.171,P,,,,,,,,,,,,,,,,
44,WT2,97,33,,-37.185,142.815,153.435,10.62,10.62,10.62,IL-P,,,,,,,,,,,,,,,,
44,WT2,98,33,,-40.601,139.399,153.435,14.036,14.036,14.036,P,,,,,,,,,,,,,,,,
44,WT2,99,35,,-85.914,94.086,153.435,59.349,59.349,59.349,IL-P,,,,,,,,,,,,,,,,
44,WT2,100,36,,-90,90,153.435,63.435,63.435,63.435,IL-P,,,,,,,,,,,,,,,,
44,WT2,101,35,,-53.393,126.607,153.435,26.828,26.828,26.828,P,,,,,,,,,,,,,,,,
44,WT2,102,35,,-4.764,175.236,153.435,-21.801,158.199,158.199,P,,,,,,,,,,,,,,,,
44,WT2,103,34,,-85.03,94.97,153.435,58.465,58.465,58.465,P,,,,,,,,,,,,,,,,
44,WT2,104,34,,-104.381,75.619,153.435,77.816,77.816,77.816,A,,,,,,,,,,,,,,,,
44,WT2,105,35,,-113.962,66.038,153.435,87.397,87.397,87.397,A,,,,,,,,,,,,,,,,
44,WT2,106,31,,-23.749,156.251,153.435,-2.816,177.184,177.184,P,,,,,,,,,,,,,,,,
44,WT2,107,32,,-30.651,149.349,153.435,4.086,4.086,4.086,A,,,,,,,,,,,,,,,,
44,WT2,108,32,,-76.866,103.134,153.435,50.301,50.301,50.301,A,,,,,,,,,,,,,,,,
44,WT2,109,25,,-79.461,100.539,153.435,52.896,52.896,52.896,A,,,,,,,,,,,,,,,,
44,WT2,110,1,,4.574,4.574,148.483,143.909,143.909,143.909,P,,,,,,,,,,,,,,,,
44,WT2,111,27,,52.125,52.125,153.435,101.31,101.31,101.31,IL-A,,,,,,,,,,,,,,,,
44,WT2,112,21,,10.923,10.923,153.435,142.512,142.512,142.512,P,,,,,,,,,,,,,,,,
44,WT2,113,20,,-68.025,111.975,153.435,41.46,41.46,41.46,P,,,,,,,,,,,,,,,,
44,WT2,114,22,,-57.653,122.347,153.435,31.088,31.088,31.088,P,,,,,,,,,,,,,,,,
44,WT2,115,24,,-21.105,158.895,153.435,-5.46,174.54,174.54,P,,,,,,,,,,,,,,,,
44,WT2,116,24,,23.097,23.097,153.435,130.338,130.338,130.338,P,,,,,,,,,,,,,,,,
44,WT2,117,25,,-42.979,137.021,153.435,16.414,16.414,16.414,P,,,,,,,,,,,,,,,,
44,WT2,118,26,,-35.789,144.211,153.435,9.224,9.224,9.224,P,,,,,,,,,,,,,,,,
44,WT2,119,29,,-17.904,162.096,153.435,-8.661,171.339,171.339,A,,,,,,,,,,,,,,,,
44,WT2,120,28,,-82.235,97.765,153.435,55.67,55.67,55.67,A,,,,,,,,,,,,,,,,
44,WT2,121,31,,-139.289,40.711,153.435,112.724,112.724,112.724,A,*Spindle rotated before division,,,,,,,,,,,,,,,
44,WT2,122,31,,-86.82,93.18,153.435,60.255,60.255,60.255,A,,,,,,,,,,,,,,,,
44,WT2,123,33,,-20.854,159.146,153.435,-5.711,174.289,174.289,P,,,,,,,,,,,,,,,,
44,WT2,124,36,,-63.825,116.175,153.435,37.26,37.26,37.26,P,,,,,,,,,,,,,,,,
32,WT1,1,6,,-94.236,85.764,18.435,-67.329,112.671,67.329,A,,,,,,,,,,,,,,,,
32,WT1,2,5,,-135,45,18.44,-26.56,153.44,26.56,A,,,,,,,,,,,,,,,,
32,WT1,3,6,,4.236,4.236,18.44,14.204,14.204,165.796,IL-P,*Spindle rotated before division,,,,,,,,,,,,,,,
32,WT1,4,6,,-137.203,42.797,18.44,-24.357,155.643,24.357,P,,,,,,,,,,,,,,,,
32,WT1,5,7,,24.305,24.305,18.44,-5.865,174.135,5.865,P,,,,,,,,,,,,,,,,
32,WT1,6,7,,19.654,19.654,18.44,-1.214,178.786,1.214,P,,,,,,,,,,,,,,,,
32,WT1,7,7,,-57.381,122.619,18.44,-104.179,75.821,104.179,IL-A,,,,,,,,,,,,,,,,
32,WT1,8,8,,-78.996,101.004,30.715,-70.289,109.711,70.289,A,,,,,,,,,,,,,,,,
32,WT1,9,9,,165.964,165.964,30.715,-135.249,44.751,135.249,IL-A,,,,,,,,,,,,,,,,
32,WT1,10,8,,21.801,21.801,30.715,8.914,8.914,171.086,P,,,,,,,,,,,,,,,,
32,WT1,11,10,,-87.955,92.045,39.729,-52.316,127.684,52.316,A,,,,,,,,,,,,,,,,
32,WT1,12,10,,-14.931,165.069,39.729,-125.34,54.66,125.34,IL-A,,,,,,,,,,,,,,,,
32,WT1,13,11,,-55.713,124.287,39.729,-84.558,95.442,84.558,IL-P,,,,,,,,,,,,,,,,
32,WT1,14,12,,-119.476,60.524,39.729,-20.795,159.205,20.795,A,,,,,,,,,,,,,,,,
32,WT1,15,16,,-32.005,147.995,39.729,-108.266,71.734,108.266,IL-P,,,,,,,,,,,,,,,,
32,WT1,16,16,,-7.352,172.648,39.729,-132.919,47.081,132.919,P,,,,,,,,,,,,,,,,
32,WT1,17,13,,-123.69,56.31,39.729,-16.581,163.419,16.581,A,,,,,,,,,,,,,,,,
32,WT1,18,14,,-34.695,145.305,39.729,-105.576,74.424,105.576,A,,,,,,,,,,,,,,,,
32,WT1,19,16,,-17.447,162.553,39.729,-122.824,57.176,122.824,A,,,,,,,,,,,,,,,,
32,WT1,20,16,,6.116,6.116,39.729,33.613,33.613,146.387,IL-A,,,,,,,,,,,,,,,,
32,WT1,21,15,,-46.273,133.727,39.729,-93.998,86.002,93.998,IL-A,,,,,,,,,,,,,,,,
32,WT1,22,17,,-46.548,133.452,39.729,-93.723,86.277,93.723,A,,,,,,,,,,,,,,,,
32,WT1,23,18,,-38.29,141.71,39.729,-101.981,78.019,101.981,A,,,,,,,,,,,,,,,,
32,WT1,24,18,,70.71,70.71,39.729,-30.981,149.019,30.981,A,,,,,,,,,,,,,,,,
32,WT1,25,18,,-19.537,160.463,39.729,-120.734,59.266,120.734,P,,,,,,,,,,,,,,,,
32,WT1,26,18,,-29.982,150.018,39.729,-110.289,69.711,110.289,A,,,,,,,,,,,,,,,,
32,WT1,27,20,,-109.179,70.821,39.729,-31.092,148.908,31.092,A,,,,,,,,,,,,,,,,
32,WT1,28,18,,45,45,39.729,-5.271,174.729,5.271,A,,,,,,,,,,,,,,,,
32,WT1,29,18,,39.472,39.472,39.729,0.257,0.257,179.743,A,,,,,,,,,,,,,,,,
32,WT1,30,14,,-119.055,60.945,39.729,-21.216,158.784,21.216,IL-P,,,,,,,,,,,,,,,,
32,WT1,31,22,,7.907,7.907,39.729,31.822,31.822,148.178,P,,,,,,,,,,,,,,,,
32,WT1,32,23,,-9.866,170.134,39.729,-130.405,49.595,130.405,A,*Spindle rotated before division,,,,,,,,,,,,,,,
32,WT1,33,24,,-2.726,177.274,39.729,-137.545,42.455,137.545,A,,,,,,,,,,,,,,,,
32,WT1,34,20,,-108.925,71.075,39.729,-31.346,148.654,31.346,A,,,,,,,,,,,,,,,,
32,WT1,35,22,,-113.199,66.801,39.729,-27.072,152.928,27.072,A,,,,,,,,,,,,,,,,
32,WT1,36,20,,6.843,6.843,39.729,32.886,32.886,147.114,A,,,,,,,,,,,,,,,,
32,WT1,37,22,,-112.479,67.521,39.729,-27.792,152.208,27.792,A,,,,,,,,,,,,,,,,
32,WT1,38,23,,-128.367,51.633,39.729,-11.904,168.096,11.904,A,,,,,,,,,,,,,,,,
32,WT1,39,23,,-129.174,50.826,39.729,-11.097,168.903,11.097,A,,,,,,,,,,,,,,,,
32,WT1,40,20,,4.97,4.97,39.729,34.759,34.759,145.241,P,,,,,,,,,,,,,,,,
32,WT1,41,20,,-2.291,177.709,39.729,-137.98,42.02,137.98,A,,,,,,,,,,,,,,,,
32,WT1,42,20,,-12.529,167.471,39.729,-127.742,52.258,127.742,A,,,,,,,,,,,,,,,,
32,WT1,43,24,,-11.976,168.024,39.729,-128.295,51.705,128.295,IL-P,,,,,,,,,,,,,,,,
32,WT1,44,26,,-144.462,35.538,39.729,4.191,4.191,175.809,P,,,,,,,,,,,,,,,,
32,WT1,45,26,,-21.801,158.199,39.729,-118.47,61.53,118.47,P,,,,,,,,,,,,,,,,
32,WT1,46,28,,-46.637,133.363,39.729,-93.634,86.366,93.634,P,,,,,,,,,,,,,,,,
32,WT1,47,30,,-117.646,62.354,39.729,-22.625,157.375,22.625,A,,,,,,,,,,,,,,,,
32,WT1,48,31,,-145.008,34.992,39.729,4.737,4.737,175.263,A,*Spindle rotated before division,,,,,,,,,,,,,,,
32,WT1,49,31,,-22.109,157.891,39.729,-118.162,61.838,118.162,IL-A,,,,,,,,,,,,,,,,
32,WT1,50,29,,-132.797,47.203,39.729,-7.474,172.526,7.474,A,,,,,,,,,,,,,,,,
32,WT1,51,30,,-46.332,133.668,39.729,-93.939,86.061,93.939,A,,,,,,,,,,,,,,,,
32,WT1,52,31,,12.804,12.804,39.729,26.925,26.925,153.075,A,,,,,,,,,,,,,,,,
32,WT1,53,32,,-136.975,43.025,39.729,-3.296,176.704,3.296,A,,,,,,,,,,,,,,,,
32,WT1,54,35,,40.101,40.101,39.729,-0.372,179.628,0.372,A,,,,,,,,,,,,,,,,
32,WT1,55,34,,-48.814,131.186,39.729,-91.457,88.543,91.457,IL-A,,,,,,,,,,,,,,,,
32,WT1,56,33,,4.236,4.236,39.729,35.493,35.493,144.507,A,,,,,,,,,,,,,,,,
32,WT1,57,34,,11.634,11.634,39.729,28.095,28.095,151.905,A,,,,,,,,,,,,,,,,
32,WT1,58,34,,-16.39,163.61,39.729,-123.881,56.119,123.881,A,,,,,,,,,,,,,,,,
32,WT1,59,35,,-87.879,92.121,39.729,-52.392,127.608,52.392,A,*Spindle rotated before division,,,,,,,,,,,,,,,
32,WT1,60,35,,-122.471,57.529,39.729,-17.8,162.2,17.8,A,,,,,,,,,,,,,,,,
32,WT1,61,38,,-42.709,137.291,39.729,-97.562,82.438,97.562,A,*Spindle rotated before division,,,,,,,,,,,,,,,
32,WT1,62,38,,-127.875,52.125,39.729,-12.396,167.604,12.396,A,,,,,,,,,,,,,,,,
32,WT1,63,37,,-81.87,98.13,39.729,-58.401,121.599,58.401,A,,,,,,,,,,,,,,,,
32,WT1,64,38,,-106.26,73.74,39.729,-34.011,145.989,34.011,P,,,,,,,,,,,,,,,,
32,WT1,65,41,,-8.326,171.674,41.46,-130.214,49.786,130.214,A,,,,,,,,,,,,,,,,
32,WT1,66,41,,-74.055,105.945,41.46,-64.485,115.515,64.485,A,,,,,,,,,,,,,,,,
32,WT1,67,40,,-78.024,101.976,41.46,-60.516,119.484,60.516,A,,,,,,,,,,,,,,,,
32,WT1,68,40,,-99.162,80.838,41.46,-39.378,140.622,39.378,A,,,,,,,,,,,,,,,,
32,WT1,69,40,,-146.31,33.69,41.46,7.77,7.77,172.23,A,,,,,,,,,,,,,,,,
32,WT1,70,36,,-45,135,39.729,-95.271,84.729,95.271,A,,,,,,,,,,,,,,,,
32,WT2,1,2,,40.503,40.503,13.939,-26.564,153.436,26.564,P,,,,,,,,,,,,,,,,
32,WT2,2,3,,-37.954,142.046,13.939,-128.107,51.893,128.107,P,,,,,,,,,,,,,,,,
32,WT2,3,4,,-59.47,120.53,13.939,-106.591,73.409,106.591,P,,,,,,,,,,,,,,,,
32,WT2,4,11,,26.565,26.565,13.939,-12.626,167.374,12.626,A,,,,,,,,,,,,,,,,
32,WT2,5,10,,-56.31,123.69,13.939,-109.751,70.249,109.751,A,,,,,,,,,,,,,,,,
32,WT2,6,9,,-79.315,100.685,13.939,-86.746,93.254,86.746,A,,,,,,,,,,,,,,,,
32,WT2,7,8,,-102.529,77.471,13.939,-63.532,116.468,63.532,P,,,,,,,,,,,,,,,,
32,WT2,8,11,,-121.159,58.841,13.939,-44.902,135.098,44.902,P,,,,,,,,,,,,,,,,
32,WT2,9,11,,-64.537,115.463,13.939,-101.524,78.476,101.524,A,,,,,,,,,,,,,,,,
32,WT2,10,12,,33.69,33.69,13.939,-19.751,160.249,19.751,P,,,,,,,,,,,,,,,,
32,WT2,11,13,,-84.56,95.44,13.939,-81.501,98.499,81.501,A,,,,,,,,,,,,,,,,
32,WT2,12,16,,-35.676,144.324,13.939,-130.385,49.615,130.385,A,,,,,,,,,,,,,,,,
32,WT2,13,16,,55.954,55.954,13.939,-42.015,137.985,42.015,A,,,,,,,,,,,,,,,,
32,WT2,14,17,,72.719,72.719,13.939,-58.78,121.22,58.78,IL-A,,,,,,,,,,,,,,,,
32,WT2,15,17,,13.241,13.241,13.939,0.698,0.698,179.302,A,,,,,,,,,,,,,,,,
32,WT2,16,18,,-96.843,83.157,13.939,-69.218,110.782,69.218,A,*Spindle rotated before division,,,,,,,,,,,,,,,
32,WT2,17,18,,75.324,75.324,13.939,-61.385,118.615,61.385,A,,,,,,,,,,,,,,,,
32,WT2,18,18,,78.232,78.232,13.939,-64.293,115.707,64.293,A,,,,,,,,,,,,,,,,
32,WT2,19,21,,91.302,91.302,13.939,-77.363,102.637,77.363,A,,,,,,,,,,,,,,,,
32,WT2,20,20,,70.017,70.017,13.939,-56.078,123.922,56.078,A,,,,,,,,,,,,,,,,
32,WT2,21,21,,-114.944,65.056,13.939,-51.117,128.883,51.117,IL-A,,,,,,,,,,,,,,,,
32,WT2,22,22,,-95.711,84.289,13.939,-70.35,109.65,70.35,IL-A,,,,,,,,,,,,,,,,
32,WT2,23,23,,8.471,8.471,13.939,5.468,5.468,174.532,A,,,,,,,,,,,,,,,,
32,WT2,24,22,,-15.376,164.624,13.939,-150.685,29.315,150.685,A,,,,,,,,,,,,,,,,
32,WT2,25,22,,24.864,24.864,13.939,-10.925,169.075,10.925,A,,,,,,,,,,,,,,,,
32,WT2,26,26,,-53.393,126.607,13.939,-112.668,67.332,112.668,A,,,,,,,,,,,,,,,,
32,WT2,27,26,,50.826,50.826,13.939,-36.887,143.113,36.887,P,,,,,,,,,,,,,,,,
32,WT2,28,25,,-52.431,127.569,13.939,-113.63,66.37,113.63,IL-A,,,,,,,,,,,,,,,,
32,WT2,29,24,,-85.333,94.667,13.939,-80.728,99.272,80.728,IL-A,,,,,,,,,,,,,,,,
32,WT2,30,24,,-58.134,121.866,13.939,-107.927,72.073,107.927,IL-A,,,,,,,,,,,,,,,,
32,WT2,31,24,,24.305,24.305,13.939,-10.366,169.634,10.366,A,,,,,,,,,,,,,,,,
32,WT2,32,28,,-78.056,101.944,13.939,-88.005,91.995,88.005,IL-P,*Spindle rotated before division,,,,,,,,,,,,,,,
32,WT2,33,28,,-76.464,103.536,13.939,-89.597,90.403,89.597,IL-P,*Spindle rotated before division,,,,,,,,,,,,,,,
32,WT2,34,27,,-113.385,66.615,13.939,-52.676,127.324,52.676,P,,,,,,,,,,,,,,,,
32,WT2,35,29,,45,45,13.939,-31.061,148.939,31.061,A,,,,,,,,,,,,,,,,
32,WT2,36,30,,-92.603,87.397,13.939,-73.458,106.542,73.458,IL-A,,,,,,,,,,,,,,,,
32,WT2,37,31,,2.49,2.49,13.939,11.449,11.449,168.551,A,,,,,,,,,,,,,,,,
32,WT2,38,30,,26.565,26.565,13.939,-12.626,167.374,12.626,A,,,,,,,,,,,,,,,,
32,WT2,39,31,,-90,90,13.939,-76.061,103.939,76.061,P,,,,,,,,,,,,,,,,
32,WT2,40,29,,-66.644,113.356,13.939,-99.417,80.583,99.417,A,,,,,,,,,,,,,,,,
32,WT2,41,31,,-50.042,129.958,13.939,-116.019,63.981,116.019,A,,,,,,,,,,,,,,,,
32,WT2,42,31,,-43.091,136.909,13.939,-122.97,57.03,122.97,A,,,,,,,,,,,,,,,,
32,WT2,43,30,,-90,90,13.939,-76.061,103.939,76.061,A,,,,,,,,,,,,,,,,
32,WT2,44,30,,-37.405,142.595,13.939,-128.656,51.344,128.656,P,,,,,,,,,,,,,,,,
32,WT2,45,30,,-59.931,120.069,13.939,-106.13,73.87,106.13,P,,,,,,,,,,,,,,,,
32,WT2,46,33,,28.393,28.393,13.939,-14.454,165.546,14.454,A,,,,,,,,,,,,,,,,
32,WT2,47,34,,-93.731,86.269,13.939,-72.33,107.67,72.33,IL-P,*Spindle rotated before division,,,,,,,,,,,,,,,
32,WT2,48,34,,-46.685,133.315,13.939,-119.376,60.624,119.376,P,,,,,,,,,,,,,,,,
32,WT2,49,34,,62.354,62.354,13.939,-48.415,131.585,48.415,IL-P,*Spindle rotated before division,,,,,,,,,,,,,,,
32,WT2,50,34,,30.069,30.069,13.939,-16.13,163.87,16.13,P,,,,,,,,,,,,,,,,
32,WT2,51,35,,-97.97,82.03,13.939,-68.091,111.909,68.091,IL-A,,,,,,,,,,,,,,,,
32,WT2,52,36,,74.219,74.219,13.939,-60.28,119.72,60.28,A,,,,,,,,,,,,,,,,
32,WT2,53,36,,32.735,32.735,13.939,-18.796,161.204,18.796,A,,,,,,,,,,,,,,,,
32,WT2,54,37,,10.84,10.84,13.939,3.099,3.099,176.901,A,,,,,,,,,,,,,,,,
32,WT2,55,37,,16.858,16.858,13.939,-2.919,177.081,2.919,A,,,,,,,,,,,,,,,,
32,WT2,56,37,,-47.726,132.274,13.939,-118.335,61.665,118.335,P,,,,,,,,,,,,,,,,
32,WT2,57,36,,128.928,128.928,13.939,-114.989,65.011,114.989,P,,,,,,,,,,,,,,,,
32,WT3,1,3,,-62.021,117.979,97.16,-20.819,159.181,159.181,P,,,,,,,,,,,,,,,,
32,WT3,2,4,,33.179,33.179,97.16,63.981,63.981,63.981,P,,,,,,,,,,,,,,,,
32,WT3,3,7,,42.51,42.51,97.16,54.65,54.65,54.65,P,,,,,,,,,,,,,,,,
32,WT3,4,7,,-49.236,130.764,97.16,-33.604,146.396,146.396,P,,,,,,,,,,,,,,,,
32,WT3,5,8,,15.945,15.945,97.16,81.215,81.215,81.215,A,,,,,,,,,,,,,,,,
32,WT3,6,9,,-39.174,140.826,97.16,-43.666,136.334,136.334,P,,,,,,,,,,,,,,,,
32,WT3,7,10,,36.027,36.027,97.16,61.133,61.133,61.133,P,,,,,,,,,,,,,,,,
32,WT3,8,11,,-92.793,87.207,97.16,9.953,9.953,9.953,P,,,,,,,,,,,,,,,,
32,WT3,9,9,,50.013,50.013,97.16,47.147,47.147,47.147,A,,,,,,,,,,,,,,,,
32,WT3,10,13,,27.897,27.897,97.16,69.263,69.263,69.263,A,,,,,,,,,,,,,,,,
32,WT3,11,13,,11.689,11.689,97.16,85.471,85.471,85.471,A,,,,,,,,,,,,,,,,
32,WT3,12,15,,15.945,15.945,97.16,81.215,81.215,81.215,IL-A,,,,,,,,,,,,,,,,
32,WT3,13,16,,20.925,20.925,97.16,76.235,76.235,76.235,IL-A,,,,,,,,,,,,,,,,
32,WT3,14,16,,30.964,30.964,97.16,66.196,66.196,66.196,P,,,,,,,,,,,,,,,,
32,WT3,15,18,,-129.174,50.826,97.16,46.334,46.334,46.334,A,,,,,,,,,,,,,,,,
32,WT3,16,17,,-48.652,131.348,97.16,-34.188,145.812,145.812,A,,,,,,,,,,,,,,,,
32,WT3,17,19,,-15.524,164.476,97.16,-67.316,112.684,112.684,A,,,,,,,,,,,,,,,,
32,WT3,18,18,,26.565,26.565,97.16,70.595,70.595,70.595,IL-P,,,,,,,,,,,,,,,,
32,WT3,19,20,,15.255,15.255,97.16,81.905,81.905,81.905,IL-P,,,,,,,,,,,,,,,,
32,WT3,20,24,,-26.565,153.435,97.16,-56.275,123.725,123.725,A,,,,,,,,,,,,,,,,
32,WT3,21,10,,-1.364,178.636,97.16,-81.476,98.524,98.524,IL-P,,,,,,,,,,,,,,,,
32,WT3,22,26,,27.3,27.3,97.16,69.86,69.86,69.86,A,,,,,,,,,,,,,,,,
32,WT3,23,27,,64.231,64.231,97.16,32.929,32.929,32.929,P,,,,,,,,,,,,,,,,
32,WT3,24,27,,40.601,40.601,97.16,56.559,56.559,56.559,A,,,,,,,,,,,,,,,,
32,WT3,25,25,,-26.565,153.435,97.16,-56.275,123.725,123.725,P,,,,,,,,,,,,,,,,
32,WT3,26,28,,-8.746,171.254,97.16,-74.094,105.906,105.906,P,,,,,,,,,,,,,,,,
32,WT3,27,30,,-15.945,164.055,97.16,-66.895,113.105,113.105,A,,,,,,,,,,,,,,,,
32,WT3,28,30,,-145.784,34.216,97.16,62.944,62.944,62.944,A,,,,,,,,,,,,,,,,
32,WT3,29,30,,-95.356,84.644,97.16,12.516,12.516,12.516,A,,,,,,,,,,,,,,,,
32,WT3,30,31,,-82.405,97.595,97.16,-0.435,179.565,179.565,A,,,,,,,,,,,,,,,,
32,WT3,31,34,,-140.711,39.289,97.16,57.871,57.871,57.871,A,,,,,,,,,,,,,,,,
32,WT3,32,34,,-98.366,81.634,97.16,15.526,15.526,15.526,A,,,,,,,,,,,,,,,,
32,WT3,33,34,,-67.751,112.249,97.16,-15.089,164.911,164.911,P,,,,,,,,,,,,,,,,
32,WT3,34,33,,-46.469,133.531,97.16,-36.371,143.629,143.629,P,,,,,,,,,,,,,,,,
32,WT3,35,37,,-4.236,175.764,97.16,-78.604,101.396,101.396,A,,,,,,,,,,,,,,,,
32,WT3,36,11,,-65.433,114.567,97.16,-17.407,162.593,162.593,A,,,,,,,,,,,,,,,,
38,WT3,1,2,,-30.141,149.859,77.557,-72.302,107.698,72.302,A,,,,,,,,,,,,,,,,
38,WT3,2,5,,36.87,36.87,77.557,40.687,40.687,139.313,P,,,,,,,,,,,,,,,,
38,WT3,3,5,,-141.953,38.047,77.557,39.51,39.51,140.49,P,,,,,,,,,,,,,,,,
38,WT3,4,6,,-96.116,83.884,77.557,-6.327,173.673,6.327,P,,,,,,,,,,,,,,,,
38,WT3,5,7,,-98.427,81.573,77.557,-4.016,175.984,4.016,P,,,,,,,,,,,,,,,,
38,WT3,6,8,,-6.71,173.29,77.557,-95.733,84.267,95.733,IL-P,,,,,,,,,,,,,,,,
38,WT3,7,8,,-52.431,127.569,77.557,-50.012,129.988,50.012,P,,,,,,,,,,,,,,,,
38,WT3,8,9,,3.094,3.094,77.557,74.463,74.463,105.537,P,,,,,,,,,,,,,,,,
38,WT3,9,9,,10.954,10.954,77.557,66.603,66.603,113.397,A,,,,,,,,,,,,,,,,
38,WT3,10,10,,-28.072,151.928,77.557,-74.371,105.629,74.371,IL-P,,,,,,,,,,,,,,,,
38,WT3,11,10,,-31.827,148.173,77.557,-70.616,109.384,70.616,P,,,,,,,,,,,,,,,,
38,WT3,12,10,,85.236,85.236,77.557,-7.679,172.321,7.679,A,,,,,,,,,,,,,,,,
38,WT3,13,10,,-39.401,140.599,77.557,-63.042,116.958,63.042,IL-A,,,,,,,,,,,,,,,,
38,WT3,14,10,,50.194,50.194,77.557,27.363,27.363,152.637,P,,,,,,,,,,,,,,,,
38,WT3,15,9,,-27.255,152.745,77.557,-75.188,104.812,75.188,P,,,,,,,,,,,,,,,,
38,WT3,16,9,,17.103,17.103,77.557,60.454,60.454,119.546,IL-P,,,,,,,,,,,,,,,,
38,WT3,17,12,,34.592,34.592,77.557,42.965,42.965,137.035,A,,,,,,,,,,,,,,,,
38,WT3,18,12,,-28.179,151.821,77.557,-74.264,105.736,74.264,P,,,,,,,,,,,,,,,,
38,WT3,19,12,,-12.529,167.471,77.557,-89.914,90.086,89.914,P,,,,,,,,,,,,,,,,
38,WT3,20,12,,-121.264,58.736,77.557,18.821,18.821,161.179,A,,,,,,,,,,,,,,,,
38,WT3,21,13,,6.116,6.116,77.557,71.441,71.441,108.559,P,,,,,,,,,,,,,,,,
38,WT3,22,13,,27.553,27.553,77.557,50.004,50.004,129.996,P,,,,,,,,,,,,,,,,
38,WT3,23,15,,-60.461,119.539,77.557,-41.982,138.018,41.982,P,,,,,,,,,,,,,,,,
38,WT3,24,18,,-38.991,141.009,77.557,-63.452,116.548,63.452,A,,,,,,,,,,,,,,,,
38,WT3,25,20,,-70.974,109.026,77.557,-31.469,148.531,31.469,IL-P,,,,,,,,,,,,,,,,
38,WT3,26,18,,8.427,8.427,77.557,69.13,69.13,110.87,A,,,,,,,,,,,,,,,,
38,WT3,27,18,,-3.18,176.82,77.557,-99.263,80.737,99.263,P,,,,,,,,,,,,,,,,
38,WT3,28,21,,-81.87,98.13,77.557,-20.573,159.427,20.573,P,,,,,,,,,,,,,,,,
38,WT3,29,21,,-3.013,176.987,77.557,-99.43,80.57,99.43,IL-P,,,,,,,,,,,,,,,,
38,WT3,30,22,,-53.973,126.027,77.557,-48.47,131.53,48.47,IL-P,,,,,,,,,,,,,,,,
38,WT3,31,22,,13.134,13.134,77.557,64.423,64.423,115.577,A,,,,,,,,,,,,,,,,
38,WT3,32,23,,-16.699,163.301,77.557,-85.744,94.256,85.744,A,,,,,,,,,,,,,,,,
38,WT3,33,24,,-57.265,122.735,77.557,-45.178,134.822,45.178,P,,,,,,,,,,,,,,,,
38,WT3,34,24,,-131.009,48.991,77.557,28.566,28.566,151.434,IL-A,,,,,,,,,,,,,,,,
38,WT3,35,25,,-28.072,151.928,77.557,-74.371,105.629,74.371,A,,,,,,,,,,,,,,,,
38,WT3,36,25,,-86.186,93.814,77.557,-16.257,163.743,16.257,P,,,,,,,,,,,,,,,,
38,WT3,37,25,,12.529,12.529,77.557,65.028,65.028,114.972,P,,,,,,,,,,,,,,,,
38,WT3,38,26,,-110.772,69.228,77.557,8.329,8.329,171.671,P,,,,,,,,,,,,,,,,
38,WT3,39,26,,-88.152,91.848,77.557,-14.291,165.709,14.291,A,,,,,,,,,,,,,,,,
38,WT3,40,27,,-15.255,164.745,77.557,-87.188,92.812,87.188,P,,,,,,,,,,,,,,,,
38,WT3,41,27,,-68.199,111.801,77.557,-34.244,145.756,34.244,P,,,,,,,,,,,,,,,,
38,WT3,42,20,,-39.174,140.826,77.557,-63.269,116.731,63.269,A,,,,,,,,,,,,,,,,
38,WT3,43,20,,7.765,7.765,77.557,69.792,69.792,110.208,A,,,,,,,,,,,,,,,,
38,WT3,44,29,,-5.711,174.289,77.557,-96.732,83.268,96.732,IL-P,,,,,,,,,,,,,,,,
38,WT3,45,29,,12.265,12.265,77.557,65.292,65.292,114.708,A,,,,,,,,,,,,,,,,
38,WT3,46,29,,60.751,60.751,77.557,16.806,16.806,163.194,P,,,,,,,,,,,,,,,,
38,WT3,47,29,,-34.695,145.305,77.557,-67.748,112.252,67.748,IL-A,,,,,,,,,,,,,,,,
38,WT3,48,30,,-90,90,77.557,-12.443,167.557,12.443,P,,,,,,,,,,,,,,,,
38,WT3,49,30,,-70.907,109.093,77.557,-31.536,148.464,31.536,P,,,,,,,,,,,,,,,,
38,WT3,50,30,,55.491,55.491,77.557,22.066,22.066,157.934,A,,,,,,,,,,,,,,,,
38,WT3,51,30,,-15.709,164.291,77.557,-86.734,93.266,86.734,A,,,,,,,,,,,,,,,,
38,WT3,52,24,,21.038,21.038,77.557,56.519,56.519,123.481,A,,,,,,,,,,,,,,,,
38,WT3,53,23,,8.427,8.427,77.557,69.13,69.13,110.87,A,,,,,,,,,,,,,,,,
38,WT3,54,32,,21.038,21.038,77.557,56.519,56.519,123.481,A,,,,,,,,,,,,,,,,
38,WT3,55,32,,27.3,27.3,77.557,50.257,50.257,129.743,P,,,,,,,,,,,,,,,,
38,WT3,56,33,,-64.231,115.769,77.557,-38.212,141.788,38.212,P,,,,,,,,,,,,,,,,
38,WT3,57,33,,-108.435,71.565,77.557,5.992,5.992,174.008,A,,,,,,,,,,,,,,,,
38,WT3,58,35,,-113.962,66.038,77.557,11.519,11.519,168.481,A,,,,,,,,,,,,,,,,
38,WT3,59,35,,-159.677,20.323,77.557,57.234,57.234,122.766,IL-P,,,,,,,,,,,,,,,,
38,WT3,60,32,,-106.699,73.301,77.557,4.256,4.256,175.744,A,,,,,,,,,,,,,,,,
38,WT3,61,33,,67.521,67.521,77.557,10.036,10.036,169.964,A,,,,,,,,,,,,,,,,
38,WT3,62,36,,10.305,10.305,77.557,67.252,67.252,112.748,A,,,,,,,,,,,,,,,,
38,WT3,63,36,,-46.736,133.264,77.557,-55.707,124.293,55.707,P,,,,,,,,,,,,,,,,
38,WT3,64,36,,-70.463,109.537,77.557,-31.98,148.02,31.98,IL-P,,,,,,,,,,,,,,,,
38,WT3,65,33,,22.249,22.249,77.557,55.308,55.308,124.692,A,,,,,,,,,,,,,,,,
38,WT3,66,26,,-4.764,175.236,77.557,-97.679,82.321,97.679,A,,,,,,,,,,,,,,,,
50,WT1,1,2,,5.315,5.315,38.019,32.704,32.704,147.296,A,,,,,,,,,,,,,,,,
50,WT1,2,1,,-54.462,125.538,38.019,-87.519,92.481,87.519,IL-P,,,,,,,,,,,,,,,,
50,WT1,3,3,,-97.306,82.694,38.019,-44.675,135.325,44.675,P,,,,,,,,,,,,,,,,
50,WT1,4,3,,1.548,1.548,38.019,36.471,36.471,143.529,P,,,,,,,,,,,,,,,,
50,WT1,5,3,,-95.572,84.428,38.019,-46.409,133.591,46.409,P,,,,,,,,,,,,,,,,
50,WT1,6,3,,-127.648,52.352,38.019,-14.333,165.667,14.333,P,,,,,,,,,,,,,,,,
50,WT1,7,3,,12.529,12.529,38.019,25.49,25.49,154.51,P,,,,,,,,,,,,,,,,
50,WT1,8,3,,17.354,17.354,38.019,20.665,20.665,159.335,P,,,,,,,,,,,,,,,,
50,WT1,9,4,,-4.289,175.711,38.019,-137.692,42.308,137.692,P,,,,,,,,,,,,,,,,
50,WT1,10,5,,2.49,2.49,38.019,35.529,35.529,144.471,P,*Spindle rotated before division,,,,,,,,,,,,,,,
50,WT1,11,5,,-25.278,154.722,38.019,-116.703,63.297,116.703,P,,,,,,,,,,,,,,,,
50,WT1,12,5,,-87.184,92.816,38.019,-54.797,125.203,54.797,P,,,,,,,,,,,,,,,,
50,WT1,13,5,,-146.31,33.69,38.019,4.329,4.329,175.671,A,,,,,,,,,,,,,,,,
50,WT1,14,4,,3.013,3.013,38.019,35.006,35.006,144.994,A,*Spindle rotated before division,,,,,,,,,,,,,,,
50,WT1,15,4,,0,0,38.019,38.019,38.019,141.981,A,,,,,,,,,,,,,,,,
50,WT1,16,4,,-2.862,177.138,38.019,-139.119,40.881,139.119,A,,,,,,,,,,,,,,,,
50,WT1,17,2,,-56.689,123.311,38.019,-85.292,94.708,85.292,A,,,,,,,,,,,,,,,,
50,WT1,18,2,,-112.834,67.166,38.019,-29.147,150.853,29.147,A,,,,,,,,,,,,,,,,
50,WT1,19,4,,-5.711,174.289,38.019,-136.27,43.73,136.27,A,,,,,,,,,,,,,,,,
50,WT1,20,4,,-10.408,169.592,38.019,-131.573,48.427,131.573,P,,,,,,,,,,,,,,,,
50,WT1,21,3,,-109.179,70.821,38.019,-32.802,147.198,32.802,A,,,,,,,,,,,,,,,,
50,WT1,22,3,,-122.735,57.265,38.019,-19.246,160.754,19.246,A,,,,,,,,,,,,,,,,
50,WT1,23,4,,-69.59,110.41,38.019,-72.391,107.609,72.391,P,*Spindle rotated before division,,,,,,,,,,,,,,,
50,WT1,24,7,,-112.443,67.557,38.019,-29.538,150.462,29.538,P,,,,,,,,,,,,,,,,
50,WT1,25,7,,-135,45,38.019,-6.981,173.019,6.981,P,,,,,,,,,,,,,,,,
50,WT1,26,7,,-121.608,58.392,38.019,-20.373,159.627,20.373,A,,,,,,,,,,,,,,,,
50,WT1,27,7,,-164.932,15.068,38.019,22.951,22.951,157.049,A,,,,,,,,,,,,,,,,
50,WT1,28,7,,-164.291,15.709,38.019,22.31,22.31,157.69,A,,,,,,,,,,,,,,,,
50,WT1,29,7,,-135,45,38.019,-6.981,173.019,6.981,A,,,,,,,,,,,,,,,,
50,WT1,30,7,,-83.157,96.843,38.019,-58.824,121.176,58.824,P,,,,,,,,,,,,,,,,
50,WT1,31,6,,-27.512,152.488,38.019,-114.469,65.531,114.469,P,,,,,,,,,,,,,,,,
50,WT1,32,8,,10.437,10.437,38.019,27.582,27.582,152.418,A,,,,,,,,,,,,,,,,
50,WT1,33,8,,-119.745,60.255,38.019,-22.236,157.764,22.236,A,,,,,,,,,,,,,,,,
50,WT1,34,8,,-40.156,139.844,38.019,-101.825,78.175,101.825,IL-P,,,,,,,,,,,,,,,,
50,WT1,35,8,,-67.964,112.036,38.019,-74.017,105.983,74.017,IL-P,,,,,,,,,,,,,,,,
50,WT1,36,9,,-69.775,110.225,38.019,-72.206,107.794,72.206,A,,,,,,,,,,,,,,,,
50,WT1,37,9,,-26.565,153.435,38.019,-115.416,64.584,115.416,A,,,,,,,,,,,,,,,,
50,WT1,38,3,,-59.3,120.7,38.019,-82.681,97.319,82.681,IL-A,,,,,,,,,,,,,,,,
50,WT1,39,10,,-98.616,81.384,38.019,-43.365,136.635,43.365,A,*Spindle rotated before division,,,,,,,,,,,,,,,
50,WT1,40,10,,-54.866,125.134,38.019,-87.115,92.885,87.115,IL-A,,,,,,,,,,,,,,,,
50,WT1,41,10,,-1.432,178.568,38.019,-140.549,39.451,140.549,P,,,,,,,,,,,,,,,,
50,WT1,42,11,,-93.691,86.309,38.019,-48.29,131.71,48.29,A,,,,,,,,,,,,,,,,
50,WT1,43,11,,7.125,7.125,38.019,30.894,30.894,149.106,P,,,,,,,,,,,,,,,,
50,WT1,44,11,,-72.121,107.879,38.019,-69.86,110.14,69.86,A,,,,,,,,,,,,,,,,
50,WT1,45,11,,-71.565,108.435,38.019,-70.416,109.584,70.416,P,,,,,,,,,,,,,,,,
50,WT1,46,11,,-127.999,52.001,38.019,-13.982,166.018,13.982,P,,,,,,,,,,,,,,,,
50,WT1,47,8,,-31.827,148.173,38.019,-110.154,69.846,110.154,A,,,,,,,,,,,,,,,,
50,WT1,48,10,,-26.565,153.435,38.019,-115.416,64.584,115.416,P,,,,,,,,,,,,,,,,
50,WT1,49,12,,-20.283,159.717,38.019,-121.698,58.302,121.698,P,,,,,,,,,,,,,,,,
50,WT1,50,12,,-66.975,113.025,38.019,-75.006,104.994,75.006,P,,,,,,,,,,,,,,,,
50,WT1,51,13,,9.273,9.273,56.31,47.037,47.037,132.963,P,,,,,,,,,,,,,,,,
50,WT1,52,13,,-72.646,107.354,56.31,-51.044,128.956,51.044,A,,,,,,,,,,,,,,,,
50,WT1,53,14,,-38.48,141.52,56.31,-85.21,94.79,85.21,P,,,,,,,,,,,,,,,,
50,WT1,54,14,,-32.471,147.529,56.31,-91.219,88.781,91.219,A,,,,,,,,,,,,,,,,
50,WT1,55,14,,-74.219,105.781,56.31,-49.471,130.529,49.471,P,,,,,,,,,,,,,,,,
50,WT1,56,15,,-48.366,131.634,56.31,-75.324,104.676,75.324,P,,,,,,,,,,,,,,,,
50,WT1,57,15,,-79.38,100.62,56.31,-44.31,135.69,44.31,A,,,,,,,,,,,,,,,,
50,WT1,58,16,,14.036,14.036,56.31,42.274,42.274,137.726,A,,,,,,,,,,,,,,,,
50,WT1,59,15,,112.068,112.068,56.31,-55.758,124.242,55.758,A,,,,,,,,,,,,,,,,
50,WT1,60,14,,-19.983,160.017,56.31,-103.707,76.293,103.707,A,,,,,,,,,,,,,,,,
50,WT1,61,14,,-60.068,119.932,56.31,-63.622,116.378,63.622,IL-A,,,,,,,,,,,,,,,,
50,WT1,62,19,,19.29,19.29,56.31,37.02,37.02,142.98,IL-A,,,,,,,,,,,,,,,,
50,WT1,63,4,,-135,45,38.019,-6.981,173.019,6.981,P,,,,,,,,,,,,,,,,
50,WT1,64,4,,2.01,2.01,38.019,36.009,36.009,143.991,P,,,,,,,,,,,,,,,,
50,WT1,65,6,,13.449,13.449,38.019,24.57,24.57,155.43,P,,,,,,,,,,,,,,,,
50,WT1,66,17,,-72.801,107.199,56.31,-50.889,129.111,50.889,P,,,,,,,,,,,,,,,,
50,WT1,67,18,,-42.769,137.231,56.31,-80.921,99.079,80.921,P,,,,,,,,,,,,,,,,
50,WT1,68,16,,-62.745,117.255,56.31,-60.945,119.055,60.945,A,,,,,,,,,,,,,,,,
50,WT1,69,17,,-32.905,147.095,56.31,-90.785,89.215,90.785,A,,,,,,,,,,,,,,,,
50,WT1,70,20,,36.87,36.87,56.31,19.44,19.44,160.56,P,,,,,,,,,,,,,,,,
50,WT1,71,19,,1.591,1.591,56.31,54.719,54.719,125.281,A,,,,,,,,,,,,,,,,
50,WT1,72,20,,-65.225,114.775,56.31,-58.465,121.535,58.465,IL-A,,,,,,,,,,,,,,,,
50,WT1,73,20,,-39.806,140.194,56.31,-83.884,96.116,83.884,P,,,,,,,,,,,,,,,,
50,WT1,74,21,,48.27,48.27,56.31,8.04,8.04,171.96,P,,,,,,,,,,,,,,,,
50,WT1,75,20,,29.358,29.358,56.31,26.952,26.952,153.048,A,*Spindle rotated before division,,,,,,,,,,,,,,,
50,WT1,76,20,,25.408,25.408,56.31,30.902,30.902,149.098,A,,,,,,,,,,,,,,,,
50,WT1,77,21,,-127.747,52.253,56.31,4.057,4.057,175.943,A,,,,,,,,,,,,,,,,
50,WT1,78,21,,-33.111,146.889,56.31,-90.579,89.421,90.579,A,,,,,,,,,,,,,,,,
50,WT1,79,21,,-51.34,128.66,56.31,-72.35,107.65,72.35,A,,,,,,,,,,,,,,,,
50,WT1,80,21,,36.254,36.254,56.31,20.056,20.056,159.944,A,,,,,,,,,,,,,,,,
50,WT1,81,22,,7.306,7.306,56.31,49.004,49.004,130.996,A,,,,,,,,,,,,,,,,
50,WT1,82,22,,-76.866,103.134,56.31,-46.824,133.176,46.824,A,,,,,,,,,,,,,,,,
50,WT1,83,22,,-16.699,163.301,56.31,-106.991,73.009,106.991,A,,,,,,,,,,,,,,,,
50,WT1,84,23,,-3.18,176.82,56.31,-120.51,59.49,120.51,A,,,,,,,,,,,,,,,,
50,WT1,85,24,,-4.185,175.815,56.31,-119.505,60.495,119.505,A,,,,,,,,,,,,,,,,
50,WT1,86,24,,-31.701,148.299,56.31,-91.989,88.011,91.989,A,,,,,,,,,,,,,,,,
50,WT1,87,21,,-97.125,82.875,56.31,-26.565,153.435,26.565,A,"These measurements in file ""...ROI-2.tif""",,,,,,,,,,,,,,,
50,WT1,88,22,,-71.2,108.8,56.31,-52.49,127.51,52.49,P,,,,,,,,,,,,,,,,
50,WT1,89,21,,3.814,3.814,56.31,52.496,52.496,127.504,A,,,,,,,,,,,,,,,,
50,WT1,90,23,,143.973,143.973,56.31,-87.663,92.337,87.663,P,,,,,,,,,,,,,,,,
50,WT1,91,23,,-32.347,147.653,56.31,-91.343,88.657,91.343,A,,,,,,,,,,,,,,,,
50,WT1,92,24,,127.405,127.405,56.31,-71.095,108.905,71.095,A,,,,,,,,,,,,,,,,
50,WT1,93,24,,-35.218,144.782,56.31,-88.472,91.528,88.472,P,,,,,,,,,,,,,,,,
50,WT1,94,24,,10.008,10.008,56.31,46.302,46.302,133.698,P,,,,,,,,,,,,,,,,
50,WT1,95,25,,5.042,5.042,56.31,51.268,51.268,128.732,A,,,,,,,,,,,,,,,,
50,WT1,96,27,,-15.124,164.876,56.31,-108.566,71.434,108.566,IL-A,,,,,,,,,,,,,,,,
50,WT1,97,28,,-42.397,137.603,56.31,-81.293,98.707,81.293,IL-A,,,,,,,,,,,,,,,,
50,WT1,98,28,,-61.504,118.496,56.31,-62.186,117.814,62.186,IL-P,,,,,,,,,,,,,,,,
50,WT1,99,25,,-115.115,64.885,56.31,-8.575,171.425,8.575,P,,,,,,,,,,,,,,,,
50,WT1,100,25,,-58.109,121.891,56.31,-65.581,114.419,65.581,P,,,,,,,,,,,,,,,,
50,WT1,101,25,,9.462,9.462,56.31,46.848,46.848,133.152,P,,,,,,,,,,,,,,,,
50,WT1,102,25,,-13.671,166.329,56.31,-110.019,69.981,110.019,A,,,,,,,,,,,,,,,,
50,WT1,103,25,,-47.203,132.797,56.31,-76.487,103.513,76.487,A,,,,,,,,,,,,,,,,
50,WT1,104,25,,-20.772,159.228,56.31,-102.918,77.082,102.918,A,,,,,,,,,,,,,,,,
50,WT1,105,25,,-36.469,143.531,56.31,-87.221,92.779,87.221,A,,,,,,,,,,,,,,,,
50,WT1,106,25,,-67.479,112.521,56.31,-56.211,123.789,56.211,A,,,,,,,,,,,,,,,,
50,WT1,107,25,,-12.2,167.8,56.31,-111.49,68.51,111.49,A,,,,,,,,,,,,,,,,
50,WT1,108,26,,-27.759,152.241,56.31,-95.931,84.069,95.931,A,,,,,,,,,,,,,,,,
50,WT1,109,26,,6.34,6.34,56.31,49.97,49.97,130.03,A,,,,,,,,,,,,,,,,
50,WT1,110,26,,-22.751,157.249,56.31,-100.939,79.061,100.939,IL-A,,,,,,,,,,,,,,,,
50,WT1,111,26,,-10.539,169.461,56.31,-113.151,66.849,113.151,IL-A,,,,,,,,,,,,,,,,
50,WT1,112,26,,-63.435,116.565,56.31,-60.255,119.745,60.255,A,,,,,,,,,,,,,,,,
50,WT1,113,26,,3.691,3.691,56.31,52.619,52.619,127.381,P,,,,,,,,,,,,,,,,
50,WT1,114,27,,-9.462,170.538,56.31,-114.228,65.772,114.228,A,,,,,,,,,,,,,,,,
50,WT1,115,27,,-79.216,100.784,56.31,-44.474,135.526,44.474,A,,,,,,,,,,,,,,,,
50,WT1,116,27,,14.036,14.036,56.31,42.274,42.274,137.726,A,*Spindle rotated before division,,,,,,,,,,,,,,,
50,WT1,117,27,,18.435,18.435,56.31,37.875,37.875,142.125,A,,,,,,,,,,,,,,,,
50,WT1,118,27,,-50.711,129.289,56.31,-72.979,107.021,72.979,A,,,,,,,,,,,,,,,,
50,WT1,119,27,,-125.754,54.246,56.31,2.064,2.064,177.936,A,,,,,,,,,,,,,,,,
50,WT1,120,28,,-113.806,66.194,56.31,-9.884,170.116,9.884,A,,,,,,,,,,,,,,,,
50,WT1,121,28,,9.462,9.462,56.31,46.848,46.848,133.152,A,,,,,,,,,,,,,,,,
50,WT1,122,28,,-43.831,136.169,56.31,-79.859,100.141,79.859,A,,,,,,,,,,,,,,,,
50,WT1,123,28,,1.273,1.273,56.31,55.037,55.037,124.963,A,,,,,,,,,,,,,,,,
50,WT1,124,28,,-46.548,133.452,56.31,-77.142,102.858,77.142,A,*Spindle rotated before division,,,,,,,,,,,,,,,
50,WT1,125,29,,1.469,1.469,56.31,54.841,54.841,125.159,A,,,,,,,,,,,,,,,,
50,WT1,126,20,,-52.431,127.569,56.31,-71.259,108.741,71.259,A,,,,,,,,,,,,,,,,
50,WT1,127,26,,20.556,20.556,56.31,35.754,35.754,144.246,A,,,,,,,,,,,,,,,,
50,WT1,128,29,,-64.799,115.201,56.31,-58.891,121.109,58.891,A,,,,,,,,,,,,,,,,
50,WT1,129,28,,-70.974,109.026,56.31,-52.716,127.284,52.716,A,*Spindle rotated before division,,,,,,,,,,,,,,,
50,WT1,130,28,,-117.15,62.85,56.31,-6.54,173.46,6.54,A,,,,,,,,,,,,,,,,
50,WT1,131,30,,-59.265,120.735,56.31,-64.425,115.575,64.425,A,,,,,,,,,,,,,,,,
50,WT1,132,30,,24.146,24.146,56.31,32.164,32.164,147.836,A,,,,,,,,,,,,,,,,
50,WT1,133,30,,-2.291,177.709,56.31,-121.399,58.601,121.399,A,,,,,,,,,,,,,,,,
50,WT1,134,31,,-61.049,118.951,56.31,-62.641,117.359,62.641,P,,,,,,,,,,,,,,,,
50,WT1,135,32,,31.866,31.866,56.31,24.444,24.444,155.556,A,,,,,,,,,,,,,,,,
50,WT1,136,33,,-61.607,118.393,56.31,-62.083,117.917,62.083,A,*Spindle rotated before division,,,,,,,,,,,,,,,
50,WT1,137,32,,-2.203,177.797,56.31,-121.487,58.513,121.487,A,,,,,,,,,,,,,,,,
50,WT1,138,30,,-30.256,149.744,56.31,-93.434,86.566,93.434,A,,,,,,,,,,,,,,,,
50,WT1,139,33,,-133.603,46.397,56.31,9.913,9.913,170.087,A,,,,,,,,,,,,,,,,
50,WT1,140,34,,180,180,56.31,-123.69,56.31,123.69,IL-P,,,,,,,,,,,,,,,,
50,WT1,141,34,,-41.186,138.814,56.31,-82.504,97.496,82.504,A,,,,,,,,,,,,,,,,
50,WT1,142,34,,-139.399,40.601,56.31,15.709,15.709,164.291,A,,,,,,,,,,,,,,,,
50,WT1,143,34,,-126.119,53.881,56.31,2.429,2.429,177.571,A,,,,,,,,,,,,,,,,
50,WT1,144,34,,-60.945,119.055,56.31,-62.745,117.255,62.745,A,,,,,,,,,,,,,,,,
50,WT1,145,35,,146.31,146.31,56.31,-90,90,90,A,*Spindle rotated before division,,,,,,,,,,,,,,,
50,WT1,146,35,,-88.025,91.975,56.31,-35.665,144.335,35.665,A,,,,,,,,,,,,,,,,
50,WT1,147,35,,-20.136,159.864,56.31,-103.554,76.446,103.554,A,,,,,,,,,,,,,,,,
50,WT1,148,33,,-151.39,28.61,56.31,27.7,27.7,152.3,IL-A,,,,,,,,,,,,,,,,
50,WT1,149,34,,-81.119,98.881,56.31,-42.571,137.429,42.571,A,,,,,,,,,,,,,,,,
50,WT1,150,36,,48.18,48.18,56.31,8.13,8.13,171.87,A,,,,,,,,,,,,,,,,
50,WT1,151,36,,14.744,14.744,56.31,41.566,41.566,138.434,P,,,,,,,,,,,,,,,,
50,WT1,152,36,,-62.021,117.979,56.31,-61.669,118.331,61.669,P,,,,,,,,,,,,,,,,
50,WT1,153,11,,-147.875,32.125,38.019,5.894,5.894,174.106,P,,,,,,,,,,,,,,,,
50,WT1,154,13,,17.745,17.745,56.31,38.565,38.565,141.435,P,,,,,,,,,,,,,,,,
50,WT1,155,14,,0,0,56.31,56.31,56.31,123.69,P,,,,,,,,,,,,,,,,
50,WT1,156,15,,-93.18,86.82,56.31,-30.51,149.49,30.51,P,,,,,,,,,,,,,,,,
50,WT1,157,30,,-87.614,92.386,56.31,-36.076,143.924,36.076,A,,,,,,,,,,,,,,,,
50,WT2,1,2,,-126.254,53.746,154.378,100.632,100.632,100.632,A,,,,,,,,,,,,,,,,
50,WT2,2,2,,-30.256,149.744,154.378,4.634,4.634,4.634,A,,,,,,,,,,,,,,,,
50,WT2,3,1,,25.974,25.974,154.378,128.404,128.404,128.404,P,,,,,,,,,,,,,,,,
50,WT2,4,3,,133.315,133.315,154.378,21.063,21.063,21.063,P,,,,,,,,,,,,,,,,
50,WT2,5,3,,-29.358,150.642,154.378,3.736,3.736,3.736,P,,,,,,,,,,,,,,,,
50,WT2,6,4,,-47.816,132.184,154.378,22.194,22.194,22.194,P,,,,,,,,,,,,,,,,
50,WT2,7,4,,-43.493,136.507,154.378,17.871,17.871,17.871,P,,,,,,,,,,,,,,,,
50,WT2,8,4,,-141.34,38.66,154.378,115.718,115.718,115.718,P,,,,,,,,,,,,,,,,
50,WT2,9,4,,-57.339,122.661,154.378,31.717,31.717,31.717,A,,,,,,,,,,,,,,,,
50,WT2,10,4,,11.113,11.113,154.378,143.265,143.265,143.265,P,,,,,,,,,,,,,,,,
50,WT2,11,4,,-8.881,171.119,154.378,-16.741,163.259,163.259,P,,,,,,,,,,,,,,,,
50,WT2,12,5,,-78.518,101.482,154.378,52.896,52.896,52.896,P,,,,,,,,,,,,,,,,
50,WT2,13,5,,-82.875,97.125,154.378,57.253,57.253,57.253,P,,,,,,,,,,,,,,,,
50,WT2,14,7,,-107.021,72.979,154.378,81.399,81.399,81.399,P,,,,,,,,,,,,,,,,
50,WT2,15,6,,-88.939,91.061,154.378,63.317,63.317,63.317,P,,,,,,,,,,,,,,,,
50,WT2,16,9,,35.272,35.272,162.79,127.518,127.518,127.518,P,,,,,,,,,,,,,,,,
50,WT2,17,9,,-74.578,105.422,162.79,57.368,57.368,57.368,P,,,,,,,,,,,,,,,,
50,WT2,18,8,,-61.26,118.74,162.79,44.05,44.05,44.05,A,,,,,,,,,,,,,,,,
50,WT2,19,10,,-71.94,108.06,162.79,54.73,54.73,54.73,P,,,,,,,,,,,,,,,,
50,WT2,20,11,,-90,90,162.79,72.79,72.79,72.79,IL-A,,,,,,,,,,,,,,,,
50,WT2,21,11,,-133.315,46.685,162.79,116.105,116.105,116.105,A,,,,,,,,,,,,,,,,
50,WT2,22,11,,-101.31,78.69,162.79,84.1,84.1,84.1,A,,,,,,,,,,,,,,,,
50,WT2,23,10,,-18.886,161.114,162.79,1.676,1.676,1.676,A,,,,,,,,,,,,,,,,
50,WT2,24,10,,-42.93,137.07,162.79,25.72,25.72,25.72,P,,,,,,,,,,,,,,,,
50,WT2,25,13,,-102.995,77.005,162.79,85.785,85.785,85.785,A,,,,,,,,,,,,,,,,
50,WT2,26,14,,-46.591,133.409,162.79,29.381,29.381,29.381,A,,,,,,,,,,,,,,,,
50,WT2,27,12,,-76.675,103.325,162.79,59.465,59.465,59.465,A,,,,,,,,,,,,,,,,
50,WT2,28,12,,-83.946,96.054,162.79,66.736,66.736,66.736,P,*Spindle rotated before division,,,,,,,,,,,,,,,
50,WT2,29,14,,23.385,23.385,162.79,139.405,139.405,139.405,P,,,,,,,,,,,,,,,,
50,WT2,30,16,,14.036,14.036,164.787,150.751,150.751,150.751,A,*Spindle rotated before division,,,,,,,,,,,,,,,
50,WT2,31,16,,-59.036,120.964,164.787,43.823,43.823,43.823,A,,,,,,,,,,,,,,,,
50,WT2,32,15,,-64.983,115.017,162.79,47.773,47.773,47.773,P,,,,,,,,,,,,,,,,
50,WT2,33,11,,-95.356,84.644,162.79,78.146,78.146,78.146,A,,,,,,,,,,,,,,,,
50,WT2,34,16,,-57.426,122.574,164.787,42.213,42.213,42.213,P,,,,,,,,,,,,,,,,
50,WT2,35,16,,5.08,5.08,164.787,159.707,159.707,159.707,P,,,,,,,,,,,,,,,,
50,WT2,36,16,,-153.435,26.565,164.787,138.222,138.222,138.222,A,,,,,,,,,,,,,,,,
50,WT2,37,17,,-90,90,164.787,74.787,74.787,74.787,A,,,,,,,,,,,,,,,,
50,WT2,38,17,,-80.272,99.728,164.787,65.059,65.059,65.059,A,,,,,,,,,,,,,,,,
50,WT2,39,15,,-151.39,28.61,162.79,134.18,134.18,134.18,A,,,,,,,,,,,,,,,,
50,WT2,40,15,,-28.443,151.557,162.79,11.233,11.233,11.233,A,,,,,,,,,,,,,,,,
50,WT2,41,14,,-87.955,92.045,162.79,70.745,70.745,70.745,A,*Spindle rotated before division,,,,,,,,,,,,,,,
50,WT2,42,14,,-4.268,175.732,162.79,-12.942,167.058,167.058,A,*Spindle rotated before division,,,,,,,,,,,,,,,
50,WT2,43,13,,-113.962,66.038,162.79,96.752,96.752,96.752,A,,,,,,,,,,,,,,,,
50,WT2,44,13,,12.095,12.095,162.79,150.695,150.695,150.695,P,,,,,,,,,,,,,,,,
50,WT2,45,14,,-88.091,91.909,162.79,70.881,70.881,70.881,A,,,,,,,,,,,,,,,,
50,WT2,46,19,,78.465,78.465,164.787,86.322,86.322,86.322,IL-A,,,,,,,,,,,,,,,,
50,WT2,47,19,,76.675,76.675,164.787,88.112,88.112,88.112,IL-A,,,,,,,,,,,,,,,,
50,WT2,48,19,,-30.466,149.534,164.787,15.253,15.253,15.253,A,,,,,,,,,,,,,,,,
50,WT2,49,19,,-95.947,84.053,164.787,80.734,80.734,80.734,A,,,,,,,,,,,,,,,,
50,WT2,50,20,,-36.529,143.471,164.787,21.316,21.316,21.316,A,,,,,,,,,,,,,,,,
50,WT2,51,17,,-95.194,84.806,164.787,79.981,79.981,79.981,A,,,,,,,,,,,,,,,,
50,WT2,52,17,,-133.363,46.637,164.787,118.15,118.15,118.15,A,,,,,,,,,,,,,,,,
50,WT2,53,17,,57.144,57.144,164.787,107.643,107.643,107.643,A,,,,,,,,,,,,,,,,
50,WT2,54,19,,-45,135,164.787,29.787,29.787,29.787,A,,,,,,,,,,,,,,,,
50,WT2,55,19,,-126.027,53.973,164.787,110.814,110.814,110.814,A,,,,,,,,,,,,,,,,
50,WT2,56,18,,-143.13,36.87,164.787,127.917,127.917,127.917,A,,,,,,,,,,,,,,,,
50,WT2,57,17,,-111.161,68.839,164.787,95.948,95.948,95.948,IL-A,,,,,,,,,,,,,,,,
50,WT2,58,17,,-125.655,54.345,164.787,110.442,110.442,110.442,P,,,,,,,,,,,,,,,,
50,WT2,59,17,,50.964,50.964,164.787,113.823,113.823,113.823,P,,,,,,,,,,,,,,,,
50,WT2,60,21,,80.789,80.789,164.787,83.998,83.998,83.998,IL-A,,,,,,,,,,,,,,,,
50,WT2,61,22,,-145.62,34.38,164.787,130.407,130.407,130.407,IL-A,*Spindle rotated before division,,,,,,,,,,,,,,,
50,WT2,62,23,,-126.469,53.531,164.787,111.256,111.256,111.256,A,,,,,,,,,,,,,,,,
50,WT2,63,22,,50.389,50.389,164.787,114.398,114.398,114.398,IL-A,,,,,,,,,,,,,,,,
50,WT2,64,23,,68.199,68.199,164.787,96.588,96.588,96.588,IL-A,,,,,,,,,,,,,,,,
50,WT2,65,23,,29.745,29.745,164.787,135.042,135.042,135.042,P,,,,,,,,,,,,,,,,
50,WT2,66,23,,-35.538,144.462,164.787,20.325,20.325,20.325,P,,,,,,,,,,,,,,,,
50,WT2,67,21,,-108.886,71.114,164.787,93.673,93.673,93.673,A,,,,,,,,,,,,,,,,
50,WT2,68,22,,-13.671,166.329,164.787,-1.542,178.458,178.458,A,,,,,,,,,,,,,,,,
50,WT2,69,22,,57.265,57.265,164.787,107.522,107.522,107.522,A,,,,,,,,,,,,,,,,
50,WT2,70,23,,-94.899,85.101,164.787,79.686,79.686,79.686,P,,,,,,,,,,,,,,,,
50,WT2,71,23,,-12.875,167.125,164.787,-2.338,177.662,177.662,P,,,,,,,,,,,,,,,,
50,WT2,72,23,,-101.592,78.408,164.787,86.379,86.379,86.379,P,,,,,,,,,,,,,,,,
50,WT2,73,24,,-109.026,70.974,179.449,108.475,108.475,108.475,A,,,,,,,,,,,,,,,,
50,WT2,74,24,,-69.444,110.556,179.449,68.893,68.893,68.893,A,,,,,,,,,,,,,,,,
50,WT2,75,25,,-83.66,96.34,179.449,83.109,83.109,83.109,A,,,,,,,,,,,,,,,,
50,WT2,76,25,,-137.726,42.274,179.449,137.175,137.175,137.175,A,,,,,,,,,,,,,,,,
50,WT2,77,25,,-115.821,64.179,179.449,115.27,115.27,115.27,A,,,,,,,,,,,,,,,,
50,WT2,78,25,,-68.199,111.801,179.449,67.648,67.648,67.648,A,,,,,,,,,,,,,,,,
50,WT2,79,26,,0,0,179.449,179.449,179.449,179.449,A,,,,,,,,,,,,,,,,
50,WT2,80,26,,-122.905,57.095,179.449,122.354,122.354,122.354,A,,,,,,,,,,,,,,,,
50,WT2,81,25,,-77.735,102.265,179.449,77.184,77.184,77.184,IL-P,,,,,,,,,,,,,,,,
50,WT2,82,27,,-35.754,144.246,174.588,30.342,30.342,30.342,A,,,,,,,,,,,,,,,,
50,WT2,83,27,,-165.53,14.47,174.588,160.118,160.118,160.118,A,,,,,,,,,,,,,,,,
50,WT2,84,27,,63.435,63.435,174.588,111.153,111.153,111.153,A,,,,,,,,,,,,,,,,
50,WT2,85,28,,-48.24,131.76,174.588,42.828,42.828,42.828,A,,,,,,,,,,,,,,,,
50,WT2,86,28,,-37.694,142.306,174.588,32.282,32.282,32.282,A,,,,,,,,,,,,,,,,
50,WT2,87,29,,-146.31,33.69,174.588,140.898,140.898,140.898,A,,,,,,,,,,,,,,,,
50,WT2,88,28,,55.62,55.62,174.588,118.968,118.968,118.968,IL-A,*Spindle rotated before division,,,,,,,,,,,,,,,
50,WT2,89,27,,-45.744,134.256,174.588,40.332,40.332,40.332,P,,,,,,,,,,,,,,,,
50,WT2,90,29,,-149.534,30.466,174.588,144.122,144.122,144.122,P,,,,,,,,,,,,,,,,
50,WT2,91,28,,-25.278,154.722,174.588,19.866,19.866,19.866,A,,,,,,,,,,,,,,,,
50,WT2,92,29,,-60.945,119.055,174.588,55.533,55.533,55.533,P,ML,,,,,,,,,,,,,,,
50,WT2,93,30,,-5.315,174.685,174.588,-0.097,179.903,179.903,IL-P,,,,,,,,,,,,,,,,
50,WT2,94,30,,-19.44,160.56,174.588,14.028,14.028,14.028,P,,,,,,,,,,,,,,,,
50,WT2,95,31,,-133.668,46.332,174.588,128.256,128.256,128.256,A,ML,,,,,,,,,,,,,,,
50,WT2,96,30,,-132.51,47.49,174.588,127.098,127.098,127.098,P,*Spindle rotated before division,,,,,,,,,,,,,,,
50,WT2,97,31,,113.962,113.962,174.588,60.626,60.626,60.626,P,ML,,,,,,,,,,,,,,,
50,WT2,98,32,,-9.162,170.838,174.588,3.75,3.75,3.75,A,,,,,,,,,,,,,,,,
50,WT2,99,32,,-15.709,164.291,174.588,10.297,10.297,10.297,A,,,,,,,,,,,,,,,,
50,WT2,100,33,,-93.576,86.424,174.588,88.164,88.164,88.164,IL-A,,,,,,,,,,,,,,,,
50,WT2,101,34,,-13.627,166.373,174.588,8.215,8.215,8.215,A,,,,,,,,,,,,,,,,
50,WT2,102,35,,63.435,63.435,174.588,111.153,111.153,111.153,A,,,,,,,,,,,,,,,,
50,WT2,103,36,,-33.232,146.768,174.588,27.82,27.82,27.82,A,,,,,,,,,,,,,,,,
50,WT2,104,36,,-10.62,169.38,174.588,5.208,5.208,5.208,A,,,,,,,,,,,,,,,,
50,WT2,105,32,,-147.031,32.969,174.588,141.619,141.619,141.619,P,,,,,,,,,,,,,,,,
50,WT2,106,33,,-105.524,74.476,174.588,100.112,100.112,100.112,IL-P,,,,,,,,,,,,,,,,
50,WT2,107,33,,16.699,16.699,174.588,157.889,157.889,157.889,P,,,,,,,,,,,,,,,,
50,WT2,108,34,,139.399,139.399,174.588,35.189,35.189,35.189,P,,,,,,,,,,,,,,,,
50,WT2,109,35,,113.334,113.334,174.588,61.254,61.254,61.254,A,,,,,,,,,,,,,,,,
50,WT2,110,36,,-96.911,83.089,174.588,91.499,91.499,91.499,A,,,,,,,,,,,,,,,,
50,WT2,111,36,,-36.469,143.531,174.588,31.057,31.057,31.057,A,,,,,,,,,,,,,,,,
50,WT2,112,36,,-142.927,37.073,174.588,137.515,137.515,137.515,P,,,,,,,,,,,,,,,,
50,WT2,113,36,,-87.274,92.726,174.588,81.862,81.862,81.862,IL-P,,,,,,,,,,,,,,,,
50,WT2,114,30,,-35.91,144.09,174.588,30.498,30.498,30.498,A,,,,,,,,,,,,,,,,
50,WT2,115,30,,-14.534,165.466,174.588,9.122,9.122,9.122,A,,,,,,,,,,,,,,,,
50,WT2,116,30,,102.907,102.907,174.588,71.681,71.681,71.681,A,,,,,,,,,,,,,,,,
50,WT2,117,31,,-85.986,94.014,174.588,80.574,80.574,80.574,P,,,,,,,,,,,,,,,,
50,WT2,118,27,,-52.028,127.972,174.588,46.616,46.616,46.616,P,*Spindle rotated before division,,,,,,,,,,,,,,,
50,WT2,119,27,,-95.08,84.92,174.588,89.668,89.668,89.668,IL-P,,,,,,,,,,,,,,,,
50,WT2,120,29,,-81.027,98.973,174.588,75.615,75.615,75.615,A,,,,,,,,,,,,,,,,
50,WT2,121,29,,94.514,94.514,174.588,80.074,80.074,80.074,A,,,,,,,,,,,,,,,,
50,WT2,122,28,,-124.019,55.981,174.588,118.607,118.607,118.607,A,,,,,,,,,,,,,,,,
50,WT2,123,29,,-75.964,104.036,174.588,70.552,70.552,70.552,IL-A,,,,,,,,,,,,,,,,
50,WT2,124,35,,17.745,17.745,174.588,156.843,156.843,156.843,P,,,,,,,,,,,,,,,,
50,WT2,125,36,,-126.87,53.13,174.588,121.458,121.458,121.458,P,,,,,,,,,,,,,,,,