<CompuCell3D Revision="2" Version="4.5.0">
   
   <Metadata>
      
      <!-- Basic properties simulation -->
      <NumberOfProcessors>8</NumberOfProcessors>
      <DebugOutputFrequency>1</DebugOutputFrequency>
      <!-- <NonParallelModule Name="Potts"/> -->
   </Metadata>
   
   <Potts>
      
      <!-- Basic properties of CPM (GGH) algorithm -->
      <Dimensions x="500" y="500" z="1"/>
      <!-- <LatticeType>Hexagonal</LatticeType> -->
      <Steps>30000</Steps>
      <Temperature>50.0</Temperature>
      <NeighborOrder>1</NeighborOrder>
   </Potts>
   
   <Plugin Name="CellType">
      
      <!-- Listing all cell types in the simulation -->
      <CellType TypeId="0" TypeName="Medium"/>
      <CellType TypeId="1" TypeName="Blue"/>
      <CellType TypeId="2" TypeName="Cyan"/>
      <CellType TypeId="3" TypeName="Magenta"/>
      <CellType TypeId="4" TypeName="Pink"/>
      <CellType TypeId="5" TypeName="Yellow"/>
      <CellType TypeId="6" TypeName="Orange"/>
   </Plugin>
   

   <Plugin Name="ExternalPotential"/>
   
   <Plugin Name="CenterOfMass">
      
      <!-- Module tracking center of mass of each cell -->
   </Plugin>
   
   <Plugin Name="NeighborTracker">
      
      <!-- Module tracking neighboring cells of each cell -->
   </Plugin>
   
   <Plugin Name="Volume">
   </Plugin>
   
   <Plugin Name="Surface">
   </Plugin>

    <Plugin Name="Connectivity">
   <!-- Connectivity constraint applied to each cell. Energy penalty specifies how strong the constraint is. Penalty is specified globally for each cell  -->
   <!-- This constraint works in 2D and on square lattice only! It also requires that the <NeighborOrder> in the Potts section is 1 or 2! -->
   <!-- For more flexible version of this plugin use ConnectivityLocalFlex where constraint penalty is specified for each cell individually using Python scripting using the following syntax -->
   <!-- self.connectivityLocalFlexPlugin.setConnectivityStrength(cell,10000000) -->
   <Penalty>10000000</Penalty>
</Plugin>
   
   
   
   <Plugin Name="Contact">
   <!-- Specification of adhesion energies -->
   <Energy Type1="Medium" Type2="Medium">10.0</Energy>
   <Energy Type1="Medium" Type2="Blue">10.0</Energy>
   <Energy Type1="Medium" Type2="Cyan">10.0</Energy>
   <Energy Type1="Medium" Type2="Magenta">10.0</Energy>
   <Energy Type1="Medium" Type2="Pink">10.0</Energy>
   <Energy Type1="Medium" Type2="Yellow">10.0</Energy>
   <Energy Type1="Medium" Type2="Orange">10.0</Energy>
   <Energy Type1="Blue" Type2="Blue">0.0</Energy>
   <Energy Type1="Blue" Type2="Cyan">0.0</Energy>
   <Energy Type1="Blue" Type2="Magenta">10.0</Energy>
   <Energy Type1="Blue" Type2="Pink">10.0</Energy>
   <Energy Type1="Blue" Type2="Yellow">0.0</Energy>
   <Energy Type1="Blue" Type2="Orange">0.0</Energy>
   <Energy Type1="Cyan" Type2="Cyan">0.0</Energy>
   <Energy Type1="Cyan" Type2="Magenta">10.0</Energy>
   <Energy Type1="Cyan" Type2="Pink">10.0</Energy>
   <Energy Type1="Cyan" Type2="Yellow">0.0</Energy>
   <Energy Type1="Cyan" Type2="Orange">0.0</Energy>
   <Energy Type1="Magenta" Type2="Magenta">0.0</Energy>
   <Energy Type1="Magenta" Type2="Pink">0.0</Energy>
   <Energy Type1="Magenta" Type2="Yellow">10.0</Energy>
   <Energy Type1="Magenta" Type2="Orange">10.0</Energy>
   <Energy Type1="Pink" Type2="Pink">0.0</Energy>
   <Energy Type1="Pink" Type2="Yellow">10.0</Energy>
   <Energy Type1="Pink" Type2="Orange">10.0</Energy>
   <Energy Type1="Yellow" Type2="Yellow">0.0</Energy>
   <Energy Type1="Yellow" Type2="Orange">0.0</Energy>
   <Energy Type1="Orange" Type2="Orange">0.0</Energy>
   <NeighborOrder>8</NeighborOrder>
</Plugin>


<Plugin Name="PixelTracker">
<TrackBlue/>
<TrackCyan/>
<TrackMagenta/>
<TrackPink/>
<TrackYellow/>
<TrackOrange/>
</Plugin>


<Plugin Name="MomentOfInertia"/>



   
</CompuCell3D>
