{
    "Version": "4.5.0",
    "ScreenshotData": {
        "Cell_Field_CellField_2D_XY_0": {
            "Plot": {
                "PlotType": "CellField",
                "PlotName": "Cell_Field"
            },
            "Dimension": "2D",
            "Projection": {
                "ProjectionPlane": "XY",
                "ProjectionPosition": 0
            },
            "CameraClippingRange": {
                "Min": "1057.4595821433809",
                "Max": "1221.6571475117416"
            },
            "CameraFocalPoint": {
                "x": "250.0",
                "y": "250.0",
                "z": "0.0"
            },
            "CameraPosition": {
                "x": "250.0",
                "y": "250.0",
                "z": "1128.9466146978832"
            },
            "CameraViewUp": {
                "x": "0.0",
                "y": "1.0",
                "z": "0.0"
            },
            "Size": {
                "Width": 600,
                "Height": 600
            },
            "CellBorders": true,
            "Cells": true,
            "ClusterBorders": false,
            "CellGlyphs": false,
            "FPPLinks": false,
            "BoundingBox": true,
            "LatticeAxes": true,
            "LatticeAxesLabels": true,
            "TypesInvisible": [
                0
            ],
            "metadata": {
                "BorderColor": [
                    0,
                    0,
                    0,
                    255
                ],
                "ClusterBorderColor": [
                    0,
                    0,
                    255,
                    255
                ],
                "BoundingBoxColor": [
                    255,
                    255,
                    255,
                    255
                ],
                "AxesColor": [
                    255,
                    255,
                    255,
                    255
                ],
                "ContourColor": [
                    255,
                    255,
                    255,
                    255
                ],
                "WindowColor": [
                    255,
                    255,
                    255,
                    255
                ],
                "FPPLinksColor": [
                    255,
                    255,
                    255,
                    255
                ],
                "ShowHorizontalAxesLabels": true,
                "ShowVerticalAxesLabels": true,
                "TypeColorMap": {
                    "0": [
                        255,
                        255,
                        255,
                        255
                    ],
                    "1": [
                        0,
                        0,
                        255,
                        255
                    ],
                    "2": [
                        85,
                        255,
                        255,
                        255
                    ],
                    "3": [
                        255,
                        0,
                        255,
                        255
                    ],
                    "4": [
                        255,
                        170,
                        255,
                        255
                    ],
                    "5": [
                        255,
                        255,
                        0,
                        255
                    ],
                    "6": [
                        255,
                        170,
                        0,
                        255
                    ],
                    "7": [
                        144,
                        238,
                        144,
                        255
                    ],
                    "8": [
                        128,
                        0,
                        128,
                        255
                    ],
                    "9": [
                        255,
                        165,
                        0,
                        255
                    ],
                    "10": [
                        64,
                        224,
                        208,
                        255
                    ]
                }
            }
        }
    }
}